date,VIX
2008-01-01,25.26
2008-01-02,25.1
2008-01-03,26.72
2008-01-04,26.65
2008-01-07,27.8
2008-01-08,28.06
2008-01-09,27.8
2008-01-10,28.97
2008-01-11,28.01
2008-01-14,27.24
2008-01-15,31.17
2008-01-16,31.44
2008-01-17,31.71
2008-01-18,32.19
2008-01-21,37.02
2008-01-22,47.59
2008-01-23,47.23
2008-01-24,48.81
2008-01-25,48.53
2008-01-28,54.41
2008-01-29,52.7
2008-01-30,53.08
2008-01-31,48.81
2008-02-01,43.18
2008-02-04,45.88
2008-02-05,43.39
2008-02-06,42.63
2008-02-07,43.39
2008-02-08,45.16
2008-02-11,48.63
2008-02-12,46.05
2008-02-13,40.04
2008-02-14,36.75
2008-02-15,38.85
2008-02-18,38.12
2008-02-19,46.92
2008-02-20,37.57
2008-02-21,37.9
2008-02-22,38.42
2008-02-25,37.74
2008-02-26,37.36
2008-02-27,37.15
2008-02-28,38.67
2008-02-29,38.08
2008-03-03,35.76
2008-03-04,38.08
2008-03-05,35.51
2008-03-06,35.51
2008-03-07,35.2
2008-03-10,32.58
2008-03-11,32.69
2008-03-12,32.36
2008-03-13,34.15
2008-03-14,31.11
2008-03-17,33.43
2008-03-18,37.84
2008-03-19,35.49
2008-03-20,35.49
2008-03-21,35.49
2008-03-24,35.21
2008-03-25,33.3
2008-03-26,37.18
2008-03-27,37.28
2008-03-28,33.07
2008-03-31,35.14
2008-04-01,35.1
2008-04-02,33.62
2008-04-03,36.68
2008-04-04,36.93
2008-04-07,30.99
2008-04-08,31.4
2008-04-09,38.24
2008-04-10,30.52
2008-04-11,30.52
2008-04-14,30.52
2008-04-15,30.23
2008-04-16,27.94
2008-04-17,27.1
2008-04-18,27.1
2008-04-21,30.28
2008-04-22,39.62
2008-04-23,32.37
2008-04-24,28.73
2008-04-25,27.4
2008-04-28,27.62
2008-04-29,26.16
2008-04-30,25.16
2008-05-01,25.16
2008-05-02,25.16
2008-05-05,25.07
2008-05-06,24.91
2008-05-07,25.06
2008-05-08,31.4
2008-05-09,27.53
2008-05-12,31.5
2008-05-13,33.43
2008-05-14,29.22
2008-05-15,29.02
2008-05-16,23.25
2008-05-19,23.25
2008-05-20,24.99
2008-05-21,27.86
2008-05-22,34.86
2008-05-23,34.03
2008-05-26,33.01
2008-05-27,28.59
2008-05-28,32.63
2008-05-29,28.08
2008-05-30,26.68
2008-06-02,29.49
2008-06-03,28.49
2008-06-04,29.82
2008-06-05,30.32
2008-06-06,26.46
2008-06-09,32.43
2008-06-10,30.23
2008-06-11,29.64
2008-06-12,29.23
2008-06-13,30.7
2008-06-16,29.02
2008-06-17,28.96
2008-06-18,31.82
2008-06-19,32.32
2008-06-20,28.19
2008-06-23,31.12
2008-06-24,34.05
2008-06-25,36.46
2008-06-26,32.85
2008-06-27,32.2
2008-06-30,30.96
2008-07-01,31.42
2008-07-02,35.38
2008-07-03,36.26
2008-07-04,35.67
2008-07-07,37.29
2008-07-08,36.04
2008-07-09,34.27
2008-07-10,32.17
2008-07-11,33.01
2008-07-14,31.51
2008-07-15,49.77
2008-07-16,31.1
2008-07-17,35.34
2008-07-18,36.25
2008-07-21,40.4
2008-07-22,35.55
2008-07-23,37.77
2008-07-24,40.29
2008-07-25,42.49
2008-07-28,54.06
2008-07-29,61.73
2008-07-30,51.72
2008-07-31,39.06
2008-08-01,38.49
2008-08-04,40.24
2008-08-05,35.66
2008-08-06,34.92
2008-08-07,35.67
2008-08-08,35.14
2008-08-11,31.37
2008-08-12,33.89
2008-08-13,34.76
2008-08-14,35.24
2008-08-15,35.24
2008-08-18,36.54
2008-08-19,34.92
2008-08-20,33.95
2008-08-21,36.55
2008-08-22,35.76
2008-08-25,45.11
2008-08-26,33.9
2008-08-27,32.8
2008-08-28,33.31
2008-08-29,31.67
2008-09-01,31.28
2008-09-02,30.45
2008-09-03,30.45
2008-09-04,31.23
2008-09-05,32.65
2008-09-08,30.77
2008-09-09,30.36
2008-09-10,32.12
2008-09-11,32.73
2008-09-12,30.43
2008-09-15,33.12
2008-09-16,34.9
2008-09-17,33.99
2008-09-18,39.56
2008-09-19,39.12
2008-09-22,37.97
2008-09-23,38.74
2008-09-24,35.61
2008-09-25,34.09
2008-09-26,33.96
2008-09-29,34.9
2008-09-30,37.19
2008-10-01,35.54
2008-10-02,35.54
2008-10-03,35.1
2008-10-06,33.75
2008-10-07,39.3
2008-10-08,39.33
2008-10-09,39.33
2008-10-10,44.7
2008-10-13,46.49
2008-10-14,44.71
2008-10-15,46.07
2008-10-16,47.81
2008-10-17,46.72
2008-10-20,57.13
2008-10-21,56
2008-10-22,54.75
2008-10-23,54.97
2008-10-24,45.5
2008-10-27,67.5
2008-10-28,70.25
2008-10-29,68.35
2008-10-30,68.35
2008-10-31,69.32
2008-11-03,67.84
2008-11-04,62.15
2008-11-05,66.75
2008-11-06,69.26
2008-11-07,67.22
2008-11-10,63.76
2008-11-11,66.99
2008-11-12,70.62
2008-11-13,70.62
2008-11-14,70.08
2008-11-17,85.13
2008-11-18,64.66
2008-11-19,60.84
2008-11-20,65.55
2008-11-21,64.46
2008-11-24,62.81
2008-11-25,59.56
2008-11-26,56.21
2008-11-27,56.21
2008-11-28,57.44
2008-12-01,55.26
2008-12-02,54.3
2008-12-03,54.66
2008-12-04,51.84
2008-12-05,52.05
2008-12-08,50.28
2008-12-09,50.28
2008-12-10,50.36
2008-12-11,51.75
2008-12-12,49.23
2008-12-15,48.1
2008-12-16,44.91
2008-12-17,49.97
2008-12-18,45.49
2008-12-19,38.49
2008-12-22,41.46
2008-12-23,45.7
2008-12-24,41.79
2008-12-25,41.79
2008-12-26,45.16
2008-12-29,43.89
2008-12-30,42.51
2008-12-31,43.09
2009-01-01,41.34
2009-01-02,40.67
2009-01-05,38.6
2009-01-06,38.73
2009-01-07,44.36
2009-01-08,44.36
2009-01-09,47.82
2009-01-12,48.57
2009-01-13,53.47
2009-01-14,44.26
2009-01-15,45.17
2009-01-16,44.3
2009-01-19,44.46
2009-01-20,45
2009-01-21,45.41
2009-01-22,45.55
2009-01-23,34.01
2009-01-26,34.01
2009-01-27,42.86
2009-01-28,40.76
2009-01-29,43.11
2009-01-30,42.1
2009-02-02,43.69
2009-02-03,49.24
2009-02-04,44.39
2009-02-05,43.92
2009-02-06,50.65
2009-02-09,44.58
2009-02-10,44.3
2009-02-11,46.65
2009-02-12,45.65
2009-02-13,43.31
2009-02-16,42.56
2009-02-17,44
2009-02-18,43.04
2009-02-19,42.91
2009-02-20,45.21
2009-02-23,45.21
2009-02-24,45.2
2009-02-25,45.2
2009-02-26,39.87
2009-02-27,40.61
2009-03-02,43.17
2009-03-03,43.89
2009-03-04,42.52
2009-03-05,41.49
2009-03-06,38.16
2009-03-09,40.87
2009-03-10,40.87
2009-03-11,40.87
2009-03-12,39.27
2009-03-13,35.56
2009-03-16,36.7
2009-03-17,38.43
2009-03-18,38.15
2009-03-19,37.74
2009-03-20,37
2009-03-23,38.59
2009-03-24,38.02
2009-03-25,37.41
2009-03-26,37.23
2009-03-27,37.58
2009-03-30,40.09
2009-03-31,39.49
2009-04-01,36.44
2009-04-02,37.37
2009-04-03,37.37
2009-04-06,41.02
2009-04-07,41.02
2009-04-08,43.29
2009-04-09,43.21
2009-04-10,43.21
2009-04-13,46.57
2009-04-14,46.57
2009-04-15,47.59
2009-04-16,50.1
2009-04-17,50.65
2009-04-20,54.41
2009-04-21,53.27
2009-04-22,53.59
2009-04-23,49.23
2009-04-24,47.12
2009-04-27,49.11
2009-04-28,48.74
2009-04-29,45.87
2009-04-30,45.87
2009-05-01,45.87
2009-05-04,50.51
2009-05-05,51.14
2009-05-06,52.04
2009-05-07,51.08
2009-05-08,50.94
2009-05-11,54.76
2009-05-12,52.2
2009-05-13,52.97
2009-05-14,52.32
2009-05-15,52.01
2009-05-18,52.01
2009-05-19,56.07
2009-05-20,49.51
2009-05-21,43.31
2009-05-22,41.97
2009-05-25,39.38
2009-05-26,43.87
2009-05-27,39.74
2009-05-28,37.78
2009-05-29,40.57
2009-06-01,41.02
2009-06-02,40.17
2009-06-03,39.42
2009-06-04,40.2
2009-06-05,40
2009-06-08,42.06
2009-06-09,39.84
2009-06-10,39.44
2009-06-11,40.86
2009-06-12,40.19
2009-06-15,41.13
2009-06-16,41.44
2009-06-17,44.89
2009-06-18,44.95
2009-06-19,42.47
2009-06-22,44.17
2009-06-23,44.17
2009-06-24,44.17
2009-06-25,43.63
2009-06-26,38.3
2009-06-29,40.51
2009-06-30,42.52
2009-07-01,43.07
2009-07-02,43.8
2009-07-03,46.55
2009-07-06,39.7
2009-07-07,36.22
2009-07-08,37.27
2009-07-09,35.96
2009-07-10,35.03
2009-07-13,36.5
2009-07-14,34.67
2009-07-15,36.12
2009-07-16,37.58
2009-07-17,35.95
2009-07-20,36.97
2009-07-21,36.56
2009-07-22,37.13
2009-07-23,36.31
2009-07-24,36.59
2009-07-27,37.43
2009-07-28,35.95
2009-07-29,37.55
2009-07-30,36.6
2009-07-31,36.14
2009-08-03,37.38
2009-08-04,37.1
2009-08-05,37.04
2009-08-06,38
2009-08-07,37.74
2009-08-10,39.14
2009-08-11,39.04
2009-08-12,38.89
2009-08-13,35.95
2009-08-14,36.74
2009-08-17,41.28
2009-08-18,38.74
2009-08-19,39.55
2009-08-20,37.65
2009-08-21,36.07
2009-08-24,35.51
2009-08-25,35.18
2009-08-26,34.35
2009-08-27,33.6
2009-08-28,33.5
2009-08-31,34.22
2009-09-01,34.79
2009-09-02,34.73
2009-09-03,33.82
2009-09-04,32.39
2009-09-07,32.05
2009-09-08,31.78
2009-09-09,31.41
2009-09-10,31.36
2009-09-11,30.58
2009-09-14,31.55
2009-09-15,30.12
2009-09-16,28.29
2009-09-17,27.89
2009-09-18,26.99
2009-09-21,26.99
2009-09-22,26.87
2009-09-23,26.47
2009-09-24,24.31
2009-09-25,25.69
2009-09-28,25.69
2009-09-29,26.17
2009-09-30,25.29
2009-10-01,25.24
2009-10-02,25.24
2009-10-05,28.68
2009-10-06,27.73
2009-10-07,30.53
2009-10-08,29.9
2009-10-09,30.24
2009-10-12,28.1
2009-10-13,28.1
2009-10-14,26.37
2009-10-15,26.64
2009-10-16,25.94
2009-10-19,26.29
2009-10-20,26.67
2009-10-21,26.77
2009-10-22,26.51
2009-10-23,25.22
2009-10-26,26.04
2009-10-27,28.07
2009-10-28,28.49
2009-10-29,28.31
2009-10-30,28.81
2009-11-02,28.81
2009-11-03,32.04
2009-11-04,30.04
2009-11-05,30.03
2009-11-06,29.21
2009-11-09,29.52
2009-11-10,30.15
2009-11-11,30.84
2009-11-12,29.61
2009-11-13,29.65
2009-11-16,28.04
2009-11-17,26.75
2009-11-18,26.29
2009-11-19,27.48
2009-11-20,28.61
2009-11-23,26.28
2009-11-24,25.45
2009-11-25,24.66
2009-11-26,28.12
2009-11-27,30.13
2009-11-30,27.4
2009-12-01,26.27
2009-12-02,25.64
2009-12-03,25.59
2009-12-04,25.61
2009-12-07,26.95
2009-12-08,26.23
2009-12-09,27.36
2009-12-10,27.03
2009-12-11,26.76
2009-12-14,27.82
2009-12-15,28.59
2009-12-16,27.36
2009-12-17,27.23
2009-12-18,26.59
2009-12-21,25.95
2009-12-22,24.69
2009-12-23,24.49
2009-12-24,22.94
2009-12-25,22.94
2009-12-28,22.94
2009-12-29,24.33
2009-12-30,24.58
2009-12-31,23.35
2010-01-01,23.35
2010-01-04,23.73
2010-01-05,22.21
2010-01-06,22.1
2010-01-07,22.29
2010-01-08,22.41
2010-01-11,22.45
2010-01-12,22.96
2010-01-13,21.96
2010-01-14,20.89
2010-01-15,21.06
2010-01-18,21.64
2010-01-19,22.01
2010-01-20,22.25
2010-01-21,24.17
2010-01-22,25.4
2010-01-25,25.81
2010-01-26,25.81
2010-01-27,29.2
2010-01-28,26.93
2010-01-29,26.65
2010-02-01,26.17
2010-02-02,26.05
2010-02-03,26.23
2010-02-04,26.56
2010-02-05,29.96
2010-02-08,31.33
2010-02-09,29.91
2010-02-10,30.61
2010-02-11,29.14
2010-02-12,29.14
2010-02-15,29.67
2010-02-16,28.92
2010-02-17,27.75
2010-02-18,28.42
2010-02-19,30.45
2010-02-22,31.8
2010-02-23,31.09
2010-02-24,30.55
2010-02-25,29.71
2010-02-26,25.24
2010-03-01,25.24
2010-03-02,22.82
2010-03-03,21.3
2010-03-04,21.24
2010-03-05,21
2010-03-08,20.82
2010-03-09,20.96
2010-03-10,20.25
2010-03-11,20.53
2010-03-12,19.82
2010-03-15,20.43
2010-03-16,20.17
2010-03-17,19.04
2010-03-18,19.26
2010-03-19,18.94
2010-03-22,20.21
2010-03-23,18.42
2010-03-24,18.42
2010-03-25,17.84
2010-03-26,18.23
2010-03-29,19.48
2010-03-30,19.9
2010-03-31,19.83
2010-04-01,18.09
2010-04-02,18.09
2010-04-05,17.5
2010-04-06,17.3
2010-04-07,17.5
2010-04-08,19.58
2010-04-09,18.6
2010-04-12,19.97
2010-04-13,20.1
2010-04-14,20.1
2010-04-15,21.43
2010-04-16,21.63
2010-04-19,22.72
2010-04-20,20.82
2010-04-21,19.78
2010-04-22,20.53
2010-04-23,20.35
2010-04-26,19.82
2010-04-27,19.82
2010-04-28,22.73
2010-04-29,21.09
2010-04-30,20.29
2010-05-03,22.11
2010-05-04,23.7
2010-05-05,24.85
2010-05-06,24.23
2010-05-07,27.31
2010-05-10,25.62
2010-05-11,25.59
2010-05-12,25.69
2010-05-13,24.54
2010-05-14,26.18
2010-05-17,26.93
2010-05-18,26.43
2010-05-19,29.99
2010-05-20,30.04
2010-05-21,31.27
2010-05-24,30.84
2010-05-25,34.37
2010-05-26,32.29
2010-05-27,29.62
2010-05-28,26.22
2010-05-31,26.43
2010-06-01,28.6
2010-06-02,28.06
2010-06-03,25.4
2010-06-04,25.02
2010-06-07,28.27
2010-06-08,28.79
2010-06-09,28.09
2010-06-10,26.73
2010-06-11,25.06
2010-06-14,23.23
2010-06-15,21.95
2010-06-16,22.22
2010-06-17,21.66
2010-06-18,20.52
2010-06-21,19.91
2010-06-22,20.58
2010-06-23,20.3
2010-06-24,19.81
2010-06-25,20.19
2010-06-28,19.71
2010-06-29,20.68
2010-06-30,21.11
2010-07-01,21.74
2010-07-02,21.89
2010-07-05,21.98
2010-07-06,20.9
2010-07-07,22.11
2010-07-08,21.15
2010-07-09,20.22
2010-07-12,19.9
2010-07-13,19.12
2010-07-14,20.07
2010-07-15,20.11
2010-07-16,19.7
2010-07-19,20.71
2010-07-20,20.38
2010-07-21,20
2010-07-22,18.9
2010-07-23,19.24
2010-07-26,19.97
2010-07-27,19.22
2010-07-28,19.52
2010-07-29,18.33
2010-07-30,18.94
2010-08-02,17.99
2010-08-03,17.55
2010-08-04,17.04
2010-08-05,17.71
2010-08-06,17.37
2010-08-09,17
2010-08-10,17.33
2010-08-11,18.11
2010-08-12,18
2010-08-13,16.74
2010-08-16,18.11
2010-08-17,17.63
2010-08-18,16.4
2010-08-19,16.53
2010-08-20,16.7
2010-08-23,17.14
2010-08-24,16.99
2010-08-25,18.92
2010-08-26,17.09
2010-08-27,19.63
2010-08-30,18.36
2010-08-31,18.47
2010-09-01,16.7
2010-09-02,16.15
2010-09-03,15.86
2010-09-06,15.22
2010-09-07,15.83
2010-09-08,15.97
2010-09-09,15.92
2010-09-10,15.92
2010-09-13,18.14
2010-09-14,18.6
2010-09-15,19.43
2010-09-16,18.85
2010-09-17,19.49
2010-09-20,21.95
2010-09-21,22.63
2010-09-22,24.29
2010-09-23,23.9
2010-09-24,21.71
2010-09-27,22.36
2010-09-28,21.21
2010-09-29,22.16
2010-09-30,22.25
2010-10-01,21.43
2010-10-04,22.8
2010-10-05,22.17
2010-10-06,21.73
2010-10-07,22.45
2010-10-08,21.4
2010-10-11,21.2
2010-10-12,20.51
2010-10-13,20.02
2010-10-14,20.6
2010-10-15,22.65
2010-10-18,22.35
2010-10-19,23.23
2010-10-20,23.8
2010-10-21,22.19
2010-10-22,21.61
2010-10-25,21.36
2010-10-26,20.55
2010-10-27,21.02
2010-10-28,20.52
2010-10-29,20.76
2010-11-01,20.92
2010-11-02,21.25
2010-11-03,21.53
2010-11-04,19.36
2010-11-05,19.22
2010-11-08,19.61
2010-11-09,18.75
2010-11-10,19.08
2010-11-11,19.36
2010-11-12,21.63
2010-11-15,20.25
2010-11-16,21.13
2010-11-17,21.13
2010-11-18,20.62
2010-11-19,21.6
2010-11-22,19.93
2010-11-23,23.26
2010-11-24,24.68
2010-11-25,21.63
2010-11-26,22.58
2010-11-29,21.31
2010-11-30,20.71
2010-12-01,19.2
2010-12-02,18.8
2010-12-03,18.6
2010-12-06,19.37
2010-12-07,19.24
2010-12-08,20.43
2010-12-09,22.6
2010-12-10,21.63
2010-12-13,22.57
2010-12-14,21.46
2010-12-15,21.42
2010-12-16,20.24
2010-12-17,20.24
2010-12-20,20.78
2010-12-21,19.77
2010-12-22,19.56
2010-12-23,19.03
2010-12-24,17.65
2010-12-27,18.45
2010-12-28,18.13
2010-12-29,17.13
2010-12-30,17.02
2010-12-31,16.56
2011-01-03,16.99
2011-01-04,17.03
2011-01-05,17.88
2011-01-06,18.2
2011-01-07,20.82
2011-01-10,23.16
2011-01-11,22.33
2011-01-12,21.41
2011-01-13,23.15
2011-01-14,23.81
2011-01-17,23.57
2011-01-18,21.46
2011-01-19,21.09
2011-01-20,21.01
2011-01-21,21.03
2011-01-24,20.17
2011-01-25,20.78
2011-01-26,20.78
2011-01-27,22.09
2011-01-28,22.58
2011-01-31,23.41
2011-02-01,23.73
2011-02-02,23.52
2011-02-03,22.69
2011-02-04,24.41
2011-02-07,24.69
2011-02-08,24.74
2011-02-09,25.24
2011-02-10,24.82
2011-02-11,23.47
2011-02-14,22.58
2011-02-15,22.85
2011-02-16,23.05
2011-02-17,22.57
2011-02-18,24.18
2011-02-21,24.91
2011-02-22,26.85
2011-02-23,26.55
2011-02-24,28.2
2011-02-25,27.27
2011-02-28,24.4
2011-03-01,22.22
2011-03-02,22.22
2011-03-03,22.96
2011-03-04,22.91
2011-03-07,25.22
2011-03-08,23.67
2011-03-09,23.28
2011-03-10,23.53
2011-03-11,24.13
2011-03-14,23.3
2011-03-15,26.63
2011-03-16,24.89
2011-03-17,25.26
2011-03-18,25.89
2011-03-21,25.21
2011-03-22,22.26
2011-03-23,20.97
2011-03-24,19.84
2011-03-25,20.47
2011-03-28,21.02
2011-03-29,21.22
2011-03-30,22.04
2011-03-31,22.18
2011-04-01,20.11
2011-04-04,20.06
2011-04-05,19.9
2011-04-06,20.36
2011-04-07,20.32
2011-04-08,20.54
2011-04-11,21.24
2011-04-12,21.24
2011-04-13,20.41
2011-04-14,20.41
2011-04-15,21.59
2011-04-18,22.45
2011-04-19,22.07
2011-04-20,20.99
2011-04-21,20.51
2011-04-22,20.51
2011-04-25,20.91
2011-04-26,21.71
2011-04-27,21.35
2011-04-28,20.92
2011-04-29,19.58
2011-05-02,20.88
2011-05-03,21.58
2011-05-04,21.18
2011-05-05,21.6
2011-05-06,20.97
2011-05-09,21.5
2011-05-10,21.74
2011-05-11,21.24
2011-05-12,21.23
2011-05-13,20.63
2011-05-16,21.46
2011-05-17,21.03
2011-05-18,20.71
2011-05-19,20.41
2011-05-20,19.45
2011-05-23,21.04
2011-05-24,19.93
2011-05-25,20.66
2011-05-26,19.18
2011-05-27,17.25
2011-05-30,17.87
2011-05-31,16.82
2011-06-01,16.73
2011-06-02,17.98
2011-06-03,17.61
2011-06-06,18.21
2011-06-07,18.03
2011-06-08,18.58
2011-06-09,18.58
2011-06-10,18.54
2011-06-13,18.91
2011-06-14,18.51
2011-06-15,19.14
2011-06-16,19.66
2011-06-17,20.27
2011-06-20,22.18
2011-06-21,21.31
2011-06-22,20.89
2011-06-23,19.5
2011-06-24,19.32
2011-06-27,19.99
2011-06-28,19.49
2011-06-29,19.46
2011-06-30,18.41
2011-07-01,18.21
2011-07-04,18.17
2011-07-05,18.25
2011-07-06,18.34
2011-07-07,18.62
2011-07-08,18.67
2011-07-11,19.69
2011-07-12,20.83
2011-07-13,19.52
2011-07-14,19.97
2011-07-15,19.95
2011-07-18,20.2
2011-07-19,19.25
2011-07-20,19.11
2011-07-21,18.75
2011-07-22,17.91
2011-07-25,19.2
2011-07-26,19.3
2011-07-27,18.25
2011-07-28,18.51
2011-07-29,19.77
2011-08-01,18.78
2011-08-02,19.15
2011-08-03,19.48
2011-08-04,20.22
2011-08-05,24.9
2011-08-08,28.78
2011-08-09,34.88
2011-08-10,28.95
2011-08-11,29.09
2011-08-12,27.02
2011-08-15,27.02
2011-08-16,26.46
2011-08-17,25.48
2011-08-18,27.45
2011-08-19,29.19
2011-08-22,27.08
2011-08-23,25.92
2011-08-24,28.6
2011-08-25,27.94
2011-08-26,33.26
2011-08-29,26.07
2011-08-30,24.88
2011-08-31,24.88
2011-09-01,24.88
2011-09-02,26.09
2011-09-05,27.83
2011-09-06,28.66
2011-09-07,27.86
2011-09-08,27.64
2011-09-09,28.15
2011-09-12,32.75
2011-09-13,32.77
2011-09-14,32.45
2011-09-15,30.79
2011-09-16,28.45
2011-09-19,29.6
2011-09-20,27.25
2011-09-21,27.67
2011-09-22,33.88
2011-09-23,35.16
2011-09-26,35.43
2011-09-27,32.01
2011-09-28,32
2011-09-29,31.07
2011-09-30,31.94
2011-10-03,35.07
2011-10-04,37.19
2011-10-05,35.37
2011-10-06,35.37
2011-10-07,33.02
2011-10-10,30.03
2011-10-11,30.3
2011-10-12,28.41
2011-10-13,28.24
2011-10-14,25.98
2011-10-17,25.43
2011-10-18,25.9
2011-10-19,24.05
2011-10-20,25.6
2011-10-21,26.3
2011-10-24,25.22
2011-10-25,22.31
2011-10-26,22.69
2011-10-27,22.69
2011-10-28,20.89
2011-10-31,22.66
2011-11-01,24.02
2011-11-02,24.89
2011-11-03,24.66
2011-11-04,23.43
2011-11-07,23.43
2011-11-08,23.71
2011-11-09,24.3
2011-11-10,24.3
2011-11-11,24.74
2011-11-14,25.29
2011-11-15,25.97
2011-11-16,25.04
2011-11-17,26.92
2011-11-18,26.58
2011-11-21,28.61
2011-11-22,27.35
2011-11-23,30.68
2011-11-24,27.95
2011-11-25,29.12
2011-11-28,26.64
2011-11-29,26.87
2011-11-30,26.55
2011-12-01,25.02
2011-12-02,23.99
2011-12-05,25.02
2011-12-06,25.02
2011-12-07,26.46
2011-12-08,28.58
2011-12-09,29.53
2011-12-12,29.27
2011-12-13,28.11
2011-12-14,28.79
2011-12-15,28.81
2011-12-16,29.69
2011-12-19,30.58
2011-12-20,30.53
2011-12-21,27.53
2011-12-22,26.84
2011-12-23,27.39
2011-12-26,26.6
2011-12-27,26.29
2011-12-28,26.74
2011-12-29,26.62
2011-12-30,27.11
2012-01-02,27.53
2012-01-03,26.16
2012-01-04,26.41
2012-01-05,25.91
2012-01-06,25.46
2012-01-09,25.68
2012-01-10,24
2012-01-11,24.54
2012-01-12,24.03
2012-01-13,23.48
2012-01-16,24.07
2012-01-17,22.61
2012-01-18,22.68
2012-01-19,21.68
2012-01-20,21.96
2012-01-23,22.14
2012-01-24,21.42
2012-01-25,21.02
2012-01-26,21.02
2012-01-27,21.7
2012-01-30,23.46
2012-01-31,22.66
2012-02-01,22.89
2012-02-02,23.69
2012-02-03,24.09
2012-02-06,24.62
2012-02-07,24.91
2012-02-08,24.27
2012-02-09,23.3
2012-02-10,23.83
2012-02-13,23.71
2012-02-14,22.71
2012-02-15,22.1
2012-02-16,23.33
2012-02-17,24.18
2012-02-20,24.18
2012-02-21,26.25
2012-02-22,26.8
2012-02-23,24.33
2012-02-24,24.82
2012-02-27,27.38
2012-02-28,25.85
2012-02-29,26.93
2012-03-01,27.67
2012-03-02,27.84
2012-03-05,28.92
2012-03-06,27.34
2012-03-07,26.33
2012-03-08,26.33
2012-03-09,25.47
2012-03-12,26.27
2012-03-13,24.75
2012-03-14,24.72
2012-03-15,25.42
2012-03-16,23.13
2012-03-19,22.97
2012-03-20,21.94
2012-03-21,21
2012-03-22,24.77
2012-03-23,23.34
2012-03-26,26.74
2012-03-27,25.05
2012-03-28,24.87
2012-03-29,24.33
2012-03-30,22.38
2012-04-02,20.88
2012-04-03,20.01
2012-04-04,20.63
2012-04-05,20.63
2012-04-06,20.63
2012-04-09,22.33
2012-04-10,21.92
2012-04-11,22.29
2012-04-12,21.78
2012-04-13,22.75
2012-04-16,22.23
2012-04-17,20.31
2012-04-18,20.03
2012-04-19,19.35
2012-04-20,20.09
2012-04-23,21.57
2012-04-24,19.25
2012-04-25,18.94
2012-04-26,18.74
2012-04-27,17.89
2012-04-30,17.82
2012-05-01,17.82
2012-05-02,18.54
2012-05-03,19.25
2012-05-04,21.12
2012-05-07,20.22
2012-05-08,22.16
2012-05-09,23.04
2012-05-10,22.72
2012-05-11,22.48
2012-05-14,23.26
2012-05-15,22.28
2012-05-16,23.71
2012-05-17,23.59
2012-05-18,23.55
2012-05-21,23.92
2012-05-22,24.39
2012-05-23,27.13
2012-05-24,25.49
2012-05-25,25.14
2012-05-28,23.68
2012-05-29,24.03
2012-05-30,25.3
2012-05-31,25.25
2012-06-01,26.77
2012-06-04,25.6
2012-06-05,26.26
2012-06-06,24.9
2012-06-07,23.64
2012-06-08,23.47
2012-06-11,25.02
2012-06-12,24.2
2012-06-13,24.36
2012-06-14,25.71
2012-06-15,25.54
2012-06-18,22.6
2012-06-19,21.43
2012-06-20,21.03
2012-06-21,19.94
2012-06-22,20.58
2012-06-25,21.57
2012-06-26,20.23
2012-06-27,20.37
2012-06-28,20.62
2012-06-29,19.08
2012-07-02,19.01
2012-07-03,18.56
2012-07-04,18.27
2012-07-05,18.35
2012-07-06,18.04
2012-07-09,18.72
2012-07-10,17.83
2012-07-11,18.39
2012-07-12,18.71
2012-07-13,18.26
2012-07-16,18.77
2012-07-17,17.78
2012-07-18,17.44
2012-07-19,16.38
2012-07-20,16.89
2012-07-23,18.66
2012-07-24,16.97
2012-07-25,16.75
2012-07-26,16.37
2012-07-27,16.44
2012-07-30,16.6
2012-07-31,16.01
2012-08-01,16.45
2012-08-02,16.77
2012-08-03,16.12
2012-08-06,16.22
2012-08-07,16.21
2012-08-08,16.37
2012-08-09,16.33
2012-08-10,16.07
2012-08-13,16.01
2012-08-14,15.64
2012-08-15,15.64
2012-08-16,15.69
2012-08-17,15.73
2012-08-20,15.73
2012-08-21,16.3
2012-08-22,16
2012-08-23,16.12
2012-08-24,16.16
2012-08-27,16.47
2012-08-28,16.35
2012-08-29,16.74
2012-08-30,16.67
2012-08-31,17.3
2012-09-03,17.28
2012-09-04,16.59
2012-09-05,17.01
2012-09-06,16.98
2012-09-07,15.26
2012-09-10,15.27
2012-09-11,15.38
2012-09-12,15.04
2012-09-13,15.67
2012-09-14,15.38
2012-09-17,17.78
2012-09-18,17.83
2012-09-19,17.83
2012-09-20,18.62
2012-09-21,18.93
2012-09-24,18.83
2012-09-25,17.11
2012-09-26,16.97
2012-09-27,16.91
2012-09-28,16.16
2012-10-01,16.34
2012-10-02,16.34
2012-10-03,16.5
2012-10-04,16.44
2012-10-05,16.78
2012-10-08,17.17
2012-10-09,16.8
2012-10-10,16.83
2012-10-11,16.49
2012-10-12,16.49
2012-10-15,15.9
2012-10-16,15.57
2012-10-17,15.17
2012-10-18,14.76
2012-10-19,14.54
2012-10-22,13.04
2012-10-23,13.71
2012-10-24,13.71
2012-10-25,13.52
2012-10-26,14.21
2012-10-29,15.12
2012-10-30,15.17
2012-10-31,14.4
2012-11-01,14.08
2012-11-02,13.66
2012-11-05,14.63
2012-11-06,15.21
2012-11-07,14.51
2012-11-08,14.22
2012-11-09,14.37
2012-11-12,14.86
2012-11-13,14.91
2012-11-14,14.91
2012-11-15,15.53
2012-11-16,16.22
2012-11-19,16.68
2012-11-20,15.81
2012-11-21,15.46
2012-11-22,14.91
2012-11-23,14.68
2012-11-26,14.67
2012-11-27,13.96
2012-11-28,13.96
2012-11-29,15.37
2012-11-30,15.15
2012-12-03,15.62
2012-12-04,15.91
2012-12-05,16.62
2012-12-06,15.24
2012-12-07,14.96
2012-12-10,14.51
2012-12-11,14.67
2012-12-12,14.51
2012-12-13,14.71
2012-12-14,14.23
2012-12-17,14.92
2012-12-18,14.44
2012-12-19,14.47
2012-12-20,14.32
2012-12-21,14.63
2012-12-24,14.49
2012-12-25,14.49
2012-12-26,14.1
2012-12-27,13.74
2012-12-28,13.63
2012-12-31,14.95
2013-01-01,13.69
2013-01-02,13.71
2013-01-03,13.47
2013-01-04,13.37
2013-01-07,13.92
2013-01-08,13.27
2013-01-09,13.32
2013-01-10,13.27
2013-01-11,13.23
2013-01-14,13.7
2013-01-15,13.58
2013-01-16,13.99
2013-01-17,14.01
2013-01-18,13.89
2013-01-21,13.66
2013-01-22,13.89
2013-01-23,13.67
2013-01-24,14.46
2013-01-25,14.77
2013-01-28,15.17
2013-01-29,14.47
2013-01-30,14.38
2013-01-31,14.13
2013-02-01,13.76
2013-02-04,14.34
2013-02-05,14.61
2013-02-06,14.26
2013-02-07,14.89
2013-02-08,15.16
2013-02-11,15.65
2013-02-12,15.31
2013-02-13,15.14
2013-02-14,15.09
2013-02-15,15.24
2013-02-18,16.29
2013-02-19,15.81
2013-02-20,15.6
2013-02-21,16.94
2013-02-22,16.79
2013-02-25,16.73
2013-02-26,17.36
2013-02-27,16.23
2013-02-28,14.86
2013-03-01,14.06
2013-03-04,13.67
2013-03-05,13.39
2013-03-06,13.4
2013-03-07,13.07
2013-03-08,13.34
2013-03-11,14.25
2013-03-12,15.13
2013-03-13,16.2
2013-03-14,14.66
2013-03-15,15.16
2013-03-18,15.85
2013-03-19,16.71
2013-03-20,16.66
2013-03-21,16.51
2013-03-22,15.54
2013-03-25,16.36
2013-03-26,15.8
2013-03-27,15.8
2013-03-28,15.22
2013-03-29,15.22
2013-04-01,14.85
2013-04-02,14.1
2013-04-03,14.87
2013-04-04,15.85
2013-04-05,16.16
2013-04-08,16.77
2013-04-09,16.82
2013-04-10,16.49
2013-04-11,16.97
2013-04-12,16.45
2013-04-15,16.61
2013-04-16,16.25
2013-04-17,16.36
2013-04-18,15.36
2013-04-19,15.36
2013-04-22,16.22
2013-04-23,15.07
2013-04-24,15.07
2013-04-25,14.2
2013-04-26,13.88
2013-04-29,14.33
2013-04-30,15.1
2013-05-01,15.1
2013-05-02,16.28
2013-05-03,15.55
2013-05-06,15.84
2013-05-07,16.5
2013-05-08,16.76
2013-05-09,16.6
2013-05-10,16.86
2013-05-13,17.51
2013-05-14,17.17
2013-05-15,18.13
2013-05-16,17.74
2013-05-17,17.57
2013-05-20,17.71
2013-05-21,17.88
2013-05-22,17.72
2013-05-23,18.73
2013-05-24,17.7
2013-05-27,17.03
2013-05-28,17.12
2013-05-29,17.86
2013-05-30,16.04
2013-05-31,16.99
2013-06-03,17.29
2013-06-04,17.26
2013-06-05,16.78
2013-06-06,17.35
2013-06-07,17.35
2013-06-10,18.11
2013-06-11,19.49
2013-06-12,18.85
2013-06-13,19.44
2013-06-14,18.35
2013-06-17,18.18
2013-06-18,18.29
2013-06-19,18.46
2013-06-20,19.19
2013-06-21,19.03
2013-06-24,21.01
2013-06-25,21.14
2013-06-26,21.07
2013-06-27,18.85
2013-06-28,17.95
2013-07-01,18.09
2013-07-02,18.21
2013-07-03,18.91
2013-07-04,18.58
2013-07-05,18.67
2013-07-08,19.34
2013-07-09,19.32
2013-07-10,19.98
2013-07-11,18.89
2013-07-12,18.69
2013-07-15,18.79
2013-07-16,18.99
2013-07-17,19.36
2013-07-18,18.27
2013-07-19,18.13
2013-07-22,17.63
2013-07-23,16.72
2013-07-24,16.91
2013-07-25,16.72
2013-07-26,16.78
2013-07-29,18.25
2013-07-30,18.12
2013-07-31,18.77
2013-08-01,19.81
2013-08-02,20.89
2013-08-05,20.8
2013-08-06,22.73
2013-08-07,22.04
2013-08-08,21.19
2013-08-09,21.19
2013-08-12,21.28
2013-08-13,19.26
2013-08-14,18.7
2013-08-15,18.7
2013-08-16,23.64
2013-08-19,25.59
2013-08-20,27.23
2013-08-21,28.09
2013-08-22,29.06
2013-08-23,25.75
2013-08-26,26.38
2013-08-27,29.42
2013-08-28,32.38
2013-08-29,29.41
2013-08-30,27.81
2013-09-02,27.55
2013-09-03,32.49
2013-09-04,31.11
2013-09-05,28.53
2013-09-06,28.65
2013-09-09,28.65
2013-09-10,29.44
2013-09-11,29.75
2013-09-12,29.71
2013-09-13,28.29
2013-09-16,28.82
2013-09-17,27.93
2013-09-18,27.69
2013-09-19,24.5
2013-09-20,24.73
2013-09-23,27.02
2013-09-24,26.72
2013-09-25,25.68
2013-09-26,24
2013-09-27,24.06
2013-09-30,26.65
2013-10-01,25.77
2013-10-02,25.77
2013-10-03,25.17
2013-10-04,26.13
2013-10-07,26.83
2013-10-08,26.55
2013-10-09,25.87
2013-10-10,25.88
2013-10-11,23.59
2013-10-14,22.85
2013-10-15,23.24
2013-10-16,23.24
2013-10-17,21.06
2013-10-18,20.12
2013-10-21,20.18
2013-10-22,19.96
2013-10-23,20.35
2013-10-24,20.64
2013-10-25,20.42
2013-10-28,21.29
2013-10-29,19.76
2013-10-30,19.53
2013-10-31,18.39
2013-11-01,18.64
2013-11-04,19.49
2013-11-05,19.94
2013-11-06,20.25
2013-11-07,19.87
2013-11-08,19.64
2013-11-11,19.98
2013-11-12,20.86
2013-11-13,20.45
2013-11-14,19.26
2013-11-15,19.26
2013-11-18,18.82
2013-11-19,19.3
2013-11-20,20.83
2013-11-21,21.14
2013-11-22,20.04
2013-11-25,21.05
2013-11-26,21.59
2013-11-27,21.14
2013-11-28,20.71
2013-11-29,21.38
2013-12-02,23.36
2013-12-03,24.72
2013-12-04,23.71
2013-12-05,21.68
2013-12-06,22.21
2013-12-09,19.16
2013-12-10,17.98
2013-12-11,17.54
2013-12-12,17.74
2013-12-13,17.84
2013-12-16,18.36
2013-12-17,18.33
2013-12-18,17.54
2013-12-19,16.58
2013-12-20,16.02
2013-12-23,16.26
2013-12-24,15.58
2013-12-25,15.58
2013-12-26,14.88
2013-12-27,14.66
2013-12-30,15.08
2013-12-31,15.12
2014-01-01,15.58
2014-01-02,16.55
2014-01-03,15.87
2014-01-06,16.5
2014-01-07,16.32
2014-01-08,16.32
2014-01-09,16.18
2014-01-10,15.58
2014-01-13,15.95
2014-01-14,15.74
2014-01-15,15.42
2014-01-16,15.54
2014-01-17,15.41
2014-01-20,15.35
2014-01-21,15.55
2014-01-22,15.85
2014-01-23,15.58
2014-01-24,15.83
2014-01-27,18.67
2014-01-28,17.72
2014-01-29,18.04
2014-01-30,17.25
2014-01-31,16.82
2014-02-03,18.27
2014-02-04,18.69
2014-02-05,18.93
2014-02-06,18.94
2014-02-07,18.55
2014-02-10,19.05
2014-02-11,18.63
2014-02-12,17.43
2014-02-13,17.8
2014-02-14,16.66
2014-02-17,15.83
2014-02-18,15.41
2014-02-19,15.07
2014-02-20,15.16
2014-02-21,14.04
2014-02-24,14.36
2014-02-25,13.95
2014-02-26,13.96
2014-02-27,13.96
2014-02-28,14.18
2014-03-03,15.28
2014-03-04,14.39
2014-03-05,13.84
2014-03-06,14.48
2014-03-07,16.72
2014-03-10,17.78
2014-03-11,17.33
2014-03-12,17.04
2014-03-13,16.82
2014-03-14,16.45
2014-03-17,16.45
2014-03-18,17.13
2014-03-19,16.88
2014-03-20,16.91
2014-03-21,16.19
2014-03-24,16.54
2014-03-25,16.92
2014-03-26,17.77
2014-03-27,18.37
2014-03-28,18.63
2014-03-31,21.62
2014-04-01,20.69
2014-04-02,21.21
2014-04-03,22.11
2014-04-04,22.69
2014-04-07,24.95
2014-04-08,24.95
2014-04-09,26.91
2014-04-10,28.72
2014-04-11,29.19
2014-04-14,29.19
2014-04-15,31.88
2014-04-16,31.16
2014-04-17,30.85
2014-04-18,30.85
2014-04-21,34.39
2014-04-22,33.36
2014-04-23,31.13
2014-04-24,31.13
2014-04-25,30.68
2014-04-28,31.39
2014-04-29,31.05
2014-04-30,30.59
2014-05-01,30.59
2014-05-02,33.06
2014-05-05,34.19
2014-05-06,33.27
2014-05-07,33.61
2014-05-08,34.3
2014-05-09,37.71
2014-05-12,37.11
2014-05-13,32.05
2014-05-14,32.42
2014-05-15,36.77
2014-05-16,24.29
2014-05-19,20.63
2014-05-20,19.23
2014-05-21,17.91
2014-05-22,17.84
2014-05-23,17.71
2014-05-26,19.84
2014-05-27,19.1
2014-05-28,17.56
2014-05-29,16.69
2014-05-30,16.34
2014-06-02,16.5
2014-06-03,15.8
2014-06-04,15.57
2014-06-05,15.45
2014-06-06,15.98
2014-06-09,17.1
2014-06-10,16.66
2014-06-11,17.06
2014-06-12,16.9
2014-06-13,17.76
2014-06-16,17.98
2014-06-17,17.7
2014-06-18,18.58
2014-06-19,18.74
2014-06-20,18.85
2014-06-23,18.96
2014-06-24,19.19
2014-06-25,18.31
2014-06-26,17.7
2014-06-27,17.63
2014-06-30,17.87
2014-07-01,17.66
2014-07-02,17.57
2014-07-03,17.81
2014-07-04,18.16
2014-07-07,19.41
2014-07-08,19.18
2014-07-09,18.19
2014-07-10,15.97
2014-07-11,15.72
2014-07-14,15.56
2014-07-15,14.77
2014-07-16,14.73
2014-07-17,14.97
2014-07-18,15.1
2014-07-21,14.9
2014-07-22,14.64
2014-07-23,14.69
2014-07-24,14.72
2014-07-25,14.22
2014-07-28,14.32
2014-07-29,14.32
2014-07-30,13.89
2014-07-31,13.82
2014-08-01,15.22
2014-08-04,14.82
2014-08-05,13.95
2014-08-06,14.3
2014-08-07,14.14
2014-08-08,14.62
2014-08-11,14
2014-08-12,13.47
2014-08-13,13.76
2014-08-14,13.22
2014-08-15,13.22
2014-08-18,13.5
2014-08-19,13.91
2014-08-20,13.66
2014-08-21,13.73
2014-08-22,13.62
2014-08-25,13.79
2014-08-26,13.9
2014-08-27,13.06
2014-08-28,13.07
2014-08-29,13.07
2014-09-01,13.53
2014-09-02,13.45
2014-09-03,13.39
2014-09-04,13.08
2014-09-05,12.94
2014-09-08,12.79
2014-09-09,12.76
2014-09-10,12.93
2014-09-11,12.52
2014-09-12,12.37
2014-09-15,13.26
2014-09-16,13.28
2014-09-17,12.95
2014-09-18,12.33
2014-09-19,11.89
2014-09-22,11.57
2014-09-23,12.41
2014-09-24,12.54
2014-09-25,13.3
2014-09-26,12.93
2014-09-29,13.39
2014-09-30,13.15
2014-10-01,13
2014-10-02,13
2014-10-03,13
2014-10-06,13
2014-10-07,14.46
2014-10-08,14.11
2014-10-09,13.16
2014-10-10,14.33
2014-10-13,14.5
2014-10-14,14.59
2014-10-15,14.59
2014-10-16,16.43
2014-10-17,16.4
2014-10-20,14.19
2014-10-21,13.33
2014-10-22,13.03
2014-10-23,12.86
2014-10-24,12.86
2014-10-27,13.52
2014-10-28,13.32
2014-10-29,13.01
2014-10-30,13.27
2014-10-31,13.3
2014-11-03,13.74
2014-11-04,13.74
2014-11-05,13.76
2014-11-06,13.76
2014-11-07,14.11
2014-11-10,13.93
2014-11-11,14.8
2014-11-12,14.44
2014-11-13,13.8
2014-11-14,13.97
2014-11-17,14.41
2014-11-18,14.07
2014-11-19,14.35
2014-11-20,14.17
2014-11-21,13.85
2014-11-24,13.02
2014-11-25,13.53
2014-11-26,12.99
2014-11-27,12.74
2014-11-28,12.9
2014-12-01,13.2
2014-12-02,12.4
2014-12-03,12.37
2014-12-04,12.45
2014-12-05,11.95
2014-12-08,12.21
2014-12-09,12.5
2014-12-10,12.24
2014-12-11,12.77
2014-12-12,13.75
2014-12-15,14.02
2014-12-16,16.31
2014-12-17,16.93
2014-12-18,14.6
2014-12-19,14.51
2014-12-22,14.21
2014-12-23,15.3
2014-12-24,15.07
2014-12-25,15.07
2014-12-26,14.65
2014-12-29,14.58
2014-12-30,14.86
2014-12-31,15.12
2015-01-01,15.03
2015-01-02,13.8
2015-01-05,14.15
2015-01-06,17.42
2015-01-07,18.14
2015-01-08,16.47
2015-01-09,15.96
2015-01-12,16.11
2015-01-13,16.48
2015-01-14,17.25
2015-01-15,16.16
2015-01-16,17.28
2015-01-19,17.65
2015-01-20,17.27
2015-01-21,17.71
2015-01-22,18.57
2015-01-23,17.89
2015-01-26,17.89
2015-01-27,18.09
2015-01-28,19.77
2015-01-29,19.43
2015-01-30,20.17
2015-02-02,20.41
2015-02-03,19.81
2015-02-04,20.05
2015-02-05,20.62
2015-02-06,20.69
2015-02-09,22.02
2015-02-10,21.19
2015-02-11,20.5
2015-02-12,20.16
2015-02-13,20.1
2015-02-16,20.83
2015-02-17,20.83
2015-02-18,20.91
2015-02-19,20.4
2015-02-20,21.27
2015-02-23,21.63
2015-02-24,21.55
2015-02-25,20.78
2015-02-26,20.58
2015-02-27,19.57
2015-03-02,15.85
2015-03-03,15.49
2015-03-04,15.2
2015-03-05,14.44
2015-03-06,14.44
2015-03-09,15.81
2015-03-10,15.53
2015-03-11,15.13
2015-03-12,14.75
2015-03-13,14.97
2015-03-16,15.18
2015-03-17,15.13
2015-03-18,15.51
2015-03-19,15.2
2015-03-20,14.26
2015-03-23,14.27
2015-03-24,13.67
2015-03-25,13.14
2015-03-26,15.16
2015-03-27,14.5
2015-03-30,14.26
2015-03-31,14.49
2015-04-01,13.67
2015-04-02,13.67
2015-04-03,13.67
2015-04-06,14.57
2015-04-07,14.25
2015-04-08,14.35
2015-04-09,14.42
2015-04-10,14.26
2015-04-13,14.49
2015-04-14,14.49
2015-04-15,14.62
2015-04-16,14.95
2015-04-17,15.04
2015-04-20,16.3
2015-04-21,17.03
2015-04-22,17.21
2015-04-23,18.5
2015-04-24,19.11
2015-04-27,18.74
2015-04-28,17.41
2015-04-29,17.24
2015-04-30,17.23
2015-05-01,17.23
2015-05-04,17.31
2015-05-05,17.37
2015-05-06,19.67
2015-05-07,19.65
2015-05-08,19.11
2015-05-11,18.63
2015-05-12,20.55
2015-05-13,20.69
2015-05-14,20.7
2015-05-15,19.82
2015-05-18,17.9
2015-05-19,18.27
2015-05-20,17.72
2015-05-21,17.41
2015-05-22,16.95
2015-05-25,16.93
2015-05-26,17.07
2015-05-27,17.28
2015-05-28,17.13
2015-05-29,16.66
2015-06-01,16.91
2015-06-02,16.82
2015-06-03,17.51
2015-06-04,18.12
2015-06-05,18.09
2015-06-08,18.89
2015-06-09,18.01
2015-06-10,17.08
2015-06-11,17.81
2015-06-12,17.48
2015-06-15,17.53
2015-06-16,17.17
2015-06-17,16.73
2015-06-18,16.02
2015-06-19,15.09
2015-06-22,15.49
2015-06-23,15.04
2015-06-24,15.92
2015-06-25,15.93
2015-06-26,15.76
2015-06-29,17.3
2015-06-30,16.93
2015-07-01,15.85
2015-07-02,15.56
2015-07-03,16.31
2015-07-06,16.02
2015-07-07,16.31
2015-07-08,17.79
2015-07-09,17.44
2015-07-10,17.07
2015-07-13,16.27
2015-07-14,16.01
2015-07-15,15.57
2015-07-16,14.78
2015-07-17,14.8
2015-07-20,14.96
2015-07-21,15.1
2015-07-22,15.13
2015-07-23,15.52
2015-07-24,15.46
2015-07-27,16.37
2015-07-28,15.92
2015-07-29,15.88
2015-07-30,15.33
2015-07-31,14.57
2015-08-03,15.39
2015-08-04,14.83
2015-08-05,14.67
2015-08-06,14.73
2015-08-07,14.91
2015-08-10,15.47
2015-08-11,15.89
2015-08-12,17.45
2015-08-13,17.02
2015-08-14,16.02
2015-08-17,16.46
2015-08-18,16.36
2015-08-19,16.68
2015-08-20,16.98
2015-08-21,17.12
2015-08-24,28.13
2015-08-25,26.85
2015-08-26,25.52
2015-08-27,22.04
2015-08-28,23.33
2015-08-31,24.6
2015-09-01,28.72
2015-09-02,26.65
2015-09-03,24.12
2015-09-04,26.42
2015-09-07,26.35
2015-09-08,24.57
2015-09-09,24.3
2015-09-10,24.75
2015-09-11,24.98
2015-09-14,24.32
2015-09-15,23.74
2015-09-16,22
2015-09-17,22
2015-09-18,18.29
2015-09-21,18.18
2015-09-22,20.35
2015-09-23,20.69
2015-09-24,20.88
2015-09-25,20.88
2015-09-28,21.67
2015-09-29,21.57
2015-09-30,19.63
2015-10-01,19.24
2015-10-02,19.24
2015-10-05,19.13
2015-10-06,19.31
2015-10-07,19.34
2015-10-08,19.56
2015-10-09,18.93
2015-10-12,19.12
2015-10-13,18.02
2015-10-14,17.72
2015-10-15,17.17
2015-10-16,16.28
2015-10-19,16.88
2015-10-20,17
2015-10-21,16.62
2015-10-22,16.62
2015-10-23,16.19
2015-10-26,17.23
2015-10-27,16.54
2015-10-28,17.04
2015-10-29,17.58
2015-10-30,17.88
2015-11-02,19.48
2015-11-03,19.56
2015-11-04,19.36
2015-11-05,19.29
2015-11-06,19.47
2015-11-09,17.04
2015-11-10,16.83
2015-11-11,16.91
2015-11-12,16.91
2015-11-13,17.65
2015-11-16,17.88
2015-11-17,16.97
2015-11-18,17.42
2015-11-19,15.84
2015-11-20,15.9
2015-11-23,17.08
2015-11-24,16.25
2015-11-25,16.25
2015-11-26,16.69
2015-11-27,16.73
2015-11-30,16.43
2015-12-01,15.64
2015-12-02,15.49
2015-12-03,16.06
2015-12-04,16.09
2015-12-07,15.87
2015-12-08,15.97
2015-12-09,16.73
2015-12-10,16.29
2015-12-11,17.18
2015-12-14,17.8
2015-12-15,17.34
2015-12-16,16.73
2015-12-17,14.22
2015-12-18,14.49
2015-12-21,14.23
2015-12-22,14.48
2015-12-23,13.65
2015-12-24,13.75
2015-12-25,13.75
2015-12-28,14.4
2015-12-29,14.24
2015-12-30,14.35
2015-12-31,13.87
2016-01-01,14.26
2016-01-04,16.84
2016-01-05,16.7
2016-01-06,16.55
2016-01-07,18.96
2016-01-08,17.8
2016-01-11,18.69
2016-01-12,18.71
2016-01-13,18.35
2016-01-14,18.61
2016-01-15,19.42
2016-01-18,20.23
2016-01-19,18.43
2016-01-20,20.97
2016-01-21,20.81
2016-01-22,18.82
2016-01-25,18.27
2016-01-26,18.27
2016-01-27,19.06
2016-01-28,17.9
2016-01-29,17.24
2016-02-01,17.89
2016-02-02,18.04
2016-02-03,18.59
2016-02-04,18.21
2016-02-05,18.12
2016-02-08,20.26
2016-02-09,21.73
2016-02-10,22.47
2016-02-11,25.97
2016-02-12,24.67
2016-02-15,22.38
2016-02-16,23.04
2016-02-17,21.83
2016-02-18,21.49
2016-02-19,20.92
2016-02-22,21.02
2016-02-23,23.84
2016-02-24,22.96
2016-02-25,22.75
2016-02-26,21.87
2016-02-29,20.16
2016-03-01,18.67
2016-03-02,18.99
2016-03-03,18.04
2016-03-04,17.88
2016-03-07,17.88
2016-03-08,18.47
2016-03-09,17.51
2016-03-10,17.9
2016-03-11,17.1
2016-03-14,17.1
2016-03-15,17.6
2016-03-16,17.12
2016-03-17,16.84
2016-03-18,16.38
2016-03-21,16.33
2016-03-22,16.43
2016-03-23,16.35
2016-03-24,16.35
2016-03-25,16.35
2016-03-28,17.49
2016-03-29,17.64
2016-03-30,16.81
2016-03-31,16.58
2016-04-01,17.28
2016-04-04,17.45
2016-04-05,17.83
2016-04-06,17.35
2016-04-07,16.94
2016-04-08,16.43
2016-04-11,16.01
2016-04-12,16.03
2016-04-13,16.04
2016-04-14,16.04
2016-04-15,16.04
2016-04-18,16.95
2016-04-19,16.95
2016-04-20,17.08
2016-04-21,16.51
2016-04-22,16.38
2016-04-25,16.57
2016-04-26,16.58
2016-04-27,16.35
2016-04-28,16.6
2016-04-29,16.54
2016-05-02,17.09
2016-05-03,17.46
2016-05-04,17.45
2016-05-05,17.17
2016-05-06,16.95
2016-05-09,16.61
2016-05-10,16.42
2016-05-11,16.96
2016-05-12,16.33
2016-05-13,17
2016-05-16,17.03
2016-05-17,16.37
2016-05-18,16.46
2016-05-19,17.06
2016-05-20,16.43
2016-05-23,16.16
2016-05-24,16.22
2016-05-25,15.52
2016-05-26,15.33
2016-05-27,15.26
2016-05-30,15.98
2016-05-31,16.05
2016-06-01,15.84
2016-06-02,15.09
2016-06-03,15
2016-06-06,15.36
2016-06-07,14.87
2016-06-08,15.14
2016-06-09,15.67
2016-06-10,15.97
2016-06-13,16.58
2016-06-14,17.19
2016-06-15,17.06
2016-06-16,17.7
2016-06-17,17.35
2016-06-20,17.52
2016-06-21,17.26
2016-06-22,18.19
2016-06-23,18.02
2016-06-24,18.63
2016-06-27,18.53
2016-06-28,17.73
2016-06-29,16.16
2016-06-30,16.29
2016-07-01,15.74
2016-07-04,15.58
2016-07-05,15.36
2016-07-06,15.36
2016-07-07,15.31
2016-07-08,15.08
2016-07-11,14.85
2016-07-12,14.78
2016-07-13,15.33
2016-07-14,15.61
2016-07-15,15.64
2016-07-18,15.99
2016-07-19,15.8
2016-07-20,15.99
2016-07-21,15.71
2016-07-22,15.5
2016-07-25,15.72
2016-07-26,15.62
2016-07-27,15.43
2016-07-28,15.15
2016-07-29,14.92
2016-08-01,15.18
2016-08-02,15.69
2016-08-03,16.24
2016-08-04,15.14
2016-08-05,14.35
2016-08-08,14.59
2016-08-09,14.54
2016-08-10,14.92
2016-08-11,14.21
2016-08-12,13.77
2016-08-15,13.77
2016-08-16,14.18
2016-08-17,14.78
2016-08-18,14.55
2016-08-19,14.54
2016-08-22,14.24
2016-08-23,13.9
2016-08-24,13.49
2016-08-25,13.29
2016-08-26,13.57
2016-08-29,13.17
2016-08-30,13.02
2016-08-31,13.24
2016-09-01,13.34
2016-09-02,12.94
2016-09-05,12.94
2016-09-06,12.75
2016-09-07,13.15
2016-09-08,13.12
2016-09-09,13.23
2016-09-12,15.24
2016-09-13,15.24
2016-09-14,14.76
2016-09-15,14.68
2016-09-16,14.58
2016-09-19,14.94
2016-09-20,14.78
2016-09-21,14.81
2016-09-22,13.34
2016-09-23,13.25
2016-09-26,14.57
2016-09-27,14.25
2016-09-28,13.85
2016-09-29,18.45
2016-09-30,17.18
2016-10-03,15.62
2016-10-04,14.99
2016-10-05,14.93
2016-10-06,14.84
2016-10-07,14.49
2016-10-10,14.29
2016-10-11,14.29
2016-10-12,14.29
2016-10-13,15.43
2016-10-14,14.89
2016-10-17,15.66
2016-10-18,14.54
2016-10-19,14.61
2016-10-20,14.17
2016-10-21,13.83
2016-10-24,14.33
2016-10-25,14.48
2016-10-26,14.45
2016-10-27,14.09
2016-10-28,14.65
2016-10-31,15.49
2016-11-01,15.74
2016-11-02,16.8
2016-11-03,16.47
2016-11-04,16.85
2016-11-07,16.51
2016-11-08,16.77
2016-11-09,16.62
2016-11-10,15.46
2016-11-11,17.37
2016-11-14,17.37
2016-11-15,20.15
2016-11-16,19.5
2016-11-17,18.71
2016-11-18,17.81
2016-11-21,19.1
2016-11-22,18.47
2016-11-23,18.04
2016-11-24,17.16
2016-11-25,17.61
2016-11-28,18.06
2016-11-29,17.71
2016-11-30,16.85
2016-12-01,16.69
2016-12-02,17.93
2016-12-05,17.29
2016-12-06,17.11
2016-12-07,16.85
2016-12-08,15.53
2016-12-09,15.07
2016-12-12,16.19
2016-12-13,15.92
2016-12-14,16.59
2016-12-15,15.66
2016-12-16,15.25
2016-12-19,14.84
2016-12-20,14.54
2016-12-21,14.71
2016-12-22,15.55
2016-12-23,15.13
2016-12-26,16.6
2016-12-27,15.08
2016-12-28,15.54
2016-12-29,15.28
2016-12-30,15.47
2017-01-02,15.83
2017-01-03,15.96
2017-01-04,15.89
2017-01-05,15.05
2017-01-06,14.91
2017-01-09,15.48
2017-01-10,15.2
2017-01-11,14.81
2017-01-12,14.61
2017-01-13,14.38
2017-01-16,15.07
2017-01-17,15.39
2017-01-18,15.18
2017-01-19,15.02
2017-01-20,15.79
2017-01-23,15.91
2017-01-24,15.29
2017-01-25,15.17
2017-01-26,15.17
2017-01-27,16.01
2017-01-30,16.67
2017-01-31,16.83
2017-02-01,13.97
2017-02-02,13.52
2017-02-03,13.13
2017-02-06,13.4
2017-02-07,13.51
2017-02-08,13.35
2017-02-09,13.24
2017-02-10,13.18
2017-02-13,13.69
2017-02-14,13.8
2017-02-15,14.21
2017-02-16,13.73
2017-02-17,13.43
2017-02-20,13.61
2017-02-21,13.53
2017-02-22,13.7
2017-02-23,13.4
2017-02-24,13.4
2017-02-27,13.68
2017-02-28,13.79
2017-03-01,13.58
2017-03-02,13.36
2017-03-03,13.35
2017-03-06,13.64
2017-03-07,13.88
2017-03-08,14.08
2017-03-09,14.39
2017-03-10,13.96
2017-03-13,13.96
2017-03-14,12.4
2017-03-15,12.42
2017-03-16,11.91
2017-03-17,11.85
2017-03-20,12.02
2017-03-21,11.94
2017-03-22,12.27
2017-03-23,11.84
2017-03-24,11.98
2017-03-27,12.44
2017-03-28,12.12
2017-03-29,12.09
2017-03-30,12.15
2017-03-31,12.42
2017-04-03,11.49
2017-04-04,11.49
2017-04-05,11.55
2017-04-06,11.29
2017-04-07,11.69
2017-04-10,11.62
2017-04-11,11.4
2017-04-12,11.63
2017-04-13,11.58
2017-04-14,11.58
2017-04-17,11.89
2017-04-18,12.38
2017-04-19,12.22
2017-04-20,11.56
2017-04-21,11.42
2017-04-24,11.63
2017-04-25,11.16
2017-04-26,11.74
2017-04-27,11.07
2017-04-28,10.86
2017-05-01,10.86
2017-05-02,11.45
2017-05-03,11.53
2017-05-04,11.33
2017-05-05,11.99
2017-05-08,11.67
2017-05-09,11.11
2017-05-10,10.95
2017-05-11,10.84
2017-05-12,10.63
2017-05-15,10.68
2017-05-16,10.56
2017-05-17,10.64
2017-05-18,11.79
2017-05-19,11.3
2017-05-22,11.2
2017-05-23,12.2
2017-05-24,11.83
2017-05-25,10.45
2017-05-26,10.86
2017-05-29,11.79
2017-05-30,11.77
2017-05-31,11.76
2017-06-01,11.31
2017-06-02,10.81
2017-06-05,11.02
2017-06-06,11.13
2017-06-07,10.89
2017-06-08,11.07
2017-06-09,10.86
2017-06-12,11.42
2017-06-13,11.34
2017-06-14,11.18
2017-06-15,11.33
2017-06-16,10.92
2017-06-19,10.63
2017-06-20,10.66
2017-06-21,10.92
2017-06-22,11.21
2017-06-23,11.56
2017-06-26,11.56
2017-06-27,12.51
2017-06-28,11.99
2017-06-29,11.38
2017-06-30,11.73
2017-07-03,11.2
2017-07-04,11.28
2017-07-05,11.15
2017-07-06,10.98
2017-07-07,10.87
2017-07-10,10.91
2017-07-11,10.89
2017-07-12,11.05
2017-07-13,11.25
2017-07-14,11.17
2017-07-17,11.46
2017-07-18,11.49
2017-07-19,11.26
2017-07-20,11.32
2017-07-21,11.09
2017-07-24,11.31
2017-07-25,10.91
2017-07-26,11.17
2017-07-27,11.22
2017-07-28,11.14
2017-07-31,11.9
2017-08-01,11.91
2017-08-02,11.94
2017-08-03,11.64
2017-08-04,11.39
2017-08-07,11.9
2017-08-08,12.77
2017-08-09,13.45
2017-08-10,13.8
2017-08-11,15.2
2017-08-14,14.38
2017-08-15,14.38
2017-08-16,14.24
2017-08-17,14.34
2017-08-18,14.57
2017-08-21,14.82
2017-08-22,14.11
2017-08-23,13.18
2017-08-24,12.57
2017-08-25,12.57
2017-08-28,12.64
2017-08-29,13.54
2017-08-30,12.89
2017-08-31,11.95
2017-09-01,11.68
2017-09-04,13.17
2017-09-05,12.89
2017-09-06,13.12
2017-09-07,13.01
2017-09-08,12.96
2017-09-11,12.36
2017-09-12,11.76
2017-09-13,11.76
2017-09-14,11.47
2017-09-15,11.68
2017-09-18,11.44
2017-09-19,11.47
2017-09-20,11.63
2017-09-21,11.63
2017-09-22,12.81
2017-09-25,13.34
2017-09-26,12.93
2017-09-27,13.86
2017-09-28,13.17
2017-09-29,12.49
2017-10-02,12.49
2017-10-03,12.46
2017-10-04,11.8
2017-10-05,11.71
2017-10-06,11.12
2017-10-09,11.39
2017-10-10,11.11
2017-10-11,11.73
2017-10-12,11.04
2017-10-13,11.26
2017-10-16,11.31
2017-10-17,11.61
2017-10-18,11.54
2017-10-19,12.4
2017-10-20,12.4
2017-10-23,12.33
2017-10-24,11.59
2017-10-25,11.76
2017-10-26,11.62
2017-10-27,11.48
2017-10-30,12.11
2017-10-31,12.44
2017-11-01,12.14
2017-11-02,12.01
2017-11-03,11.91
2017-11-06,13.02
2017-11-07,13.24
2017-11-08,13.61
2017-11-09,13.27
2017-11-10,13.48
2017-11-13,14.05
2017-11-14,14.17
2017-11-15,14.27
2017-11-16,13.46
2017-11-17,13.71
2017-11-20,13.43
2017-11-21,13.72
2017-11-22,14.04
2017-11-23,13.87
2017-11-24,13.51
2017-11-27,13.03
2017-11-28,13.15
2017-11-29,13.06
2017-11-30,13.55
2017-12-01,14.8
2017-12-04,14.86
2017-12-05,15.01
2017-12-06,15.09
2017-12-07,14.27
2017-12-08,13.67
2017-12-11,14.15
2017-12-12,15.26
2017-12-13,15.95
2017-12-14,16.41
2017-12-15,14.94
2017-12-18,13.12
2017-12-19,12.19
2017-12-20,12.19
2017-12-21,12.09
2017-12-22,11.59
2017-12-25,11.59
2017-12-26,12.05
2017-12-27,12.49
2017-12-28,12.3
2017-12-29,12.67
2018-01-01,13.35
2018-01-02,13.69
2018-01-03,13.62
2018-01-04,13.42
2018-01-05,13.11
2018-01-08,13.74
2018-01-09,13.85
2018-01-10,14.04
2018-01-11,14.01
2018-01-12,13.73
2018-01-15,14.31
2018-01-16,14.09
2018-01-17,13.86
2018-01-18,13.96
2018-01-19,13.98
2018-01-22,15.39
2018-01-23,16.23
2018-01-24,18.04
2018-01-25,17.51
2018-01-26,17.51
2018-01-29,17.89
2018-01-30,16.42
2018-01-31,15.93
2018-02-01,14.11
2018-02-02,15.25
2018-02-05,16.05
2018-02-06,20.02
2018-02-07,19.47
2018-02-08,17.77
2018-02-09,19.23
2018-02-12,17.88
2018-02-13,17.88
2018-02-14,17.19
2018-02-15,16.32
2018-02-16,16.38
2018-02-19,16.67
2018-02-20,16.87
2018-02-21,15.92
2018-02-22,14.83
2018-02-23,14.2
2018-02-26,13.7
2018-02-27,13.92
2018-02-28,13.81
2018-03-01,14.07
2018-03-02,14.07
2018-03-05,15.4
2018-03-06,16.25
2018-03-07,15.7
2018-03-08,14.59
2018-03-09,14.53
2018-03-12,14.49
2018-03-13,14.46
2018-03-14,14.36
2018-03-15,14.33
2018-03-16,15.22
2018-03-19,15.82
2018-03-20,15.61
2018-03-21,15.11
2018-03-22,15.25
2018-03-23,15.55
2018-03-26,15.2
2018-03-27,15.55
2018-03-28,15.76
2018-03-29,15.76
2018-03-30,15.76
2018-04-02,15.35
2018-04-03,15.19
2018-04-04,16.34
2018-04-05,14.8
2018-04-06,14.75
2018-04-09,14.87
2018-04-10,14.5
2018-04-11,14.72
2018-04-12,14.56
2018-04-13,14.14
2018-04-16,14.26
2018-04-17,14.04
2018-04-18,14.11
2018-04-19,13.75
2018-04-20,12.94
2018-04-23,13.15
2018-04-24,11.9
2018-04-25,12.4
2018-04-26,12.04
2018-04-27,12.02
2018-04-30,12.36
2018-05-01,12.36
2018-05-02,12.84
2018-05-03,12.99
2018-05-04,13.25
2018-05-07,13.76
2018-05-08,14.06
2018-05-09,14.27
2018-05-10,14.43
2018-05-11,13.98
2018-05-14,14.25
2018-05-15,13.17
2018-05-16,13.44
2018-05-17,13.41
2018-05-18,14.15
2018-05-21,14.41
2018-05-22,13.6
2018-05-23,14.16
2018-05-24,13.15
2018-05-25,12.65
2018-05-28,13.06
2018-05-29,13.07
2018-05-30,13.41
2018-05-31,13.22
2018-06-01,13.57
2018-06-04,13.88
2018-06-05,13.32
2018-06-06,12.55
2018-06-07,12.78
2018-06-08,12.7
2018-06-11,13.18
2018-06-12,12.73
2018-06-13,12.64
2018-06-14,12.1
2018-06-15,12.07
2018-06-18,12.38
2018-06-19,12.92
2018-06-20,12.17
2018-06-21,12.45
2018-06-22,12.02
2018-06-25,12.58
2018-06-26,12.8
2018-06-27,13.51
2018-06-28,13.95
2018-06-29,12.94
2018-07-02,13.37
2018-07-03,13
2018-07-04,12.66
2018-07-05,12.58
2018-07-06,12.44
2018-07-09,12.39
2018-07-10,12.4
2018-07-11,12.78
2018-07-12,12.51
2018-07-13,12.3
2018-07-16,12.95
2018-07-17,12.83
2018-07-18,13.68
2018-07-19,13.59
2018-07-20,13.54
2018-07-23,13.01
2018-07-24,12.47
2018-07-25,12.21
2018-07-26,12.03
2018-07-27,12.31
2018-07-30,12.59
2018-07-31,12.48
2018-08-01,12.53
2018-08-02,12.56
2018-08-03,12.08
2018-08-06,12.56
2018-08-07,12.58
2018-08-08,12.54
2018-08-09,12.68
2018-08-10,12.85
2018-08-13,13.4
2018-08-14,13.28
2018-08-15,13.28
2018-08-16,13.65
2018-08-17,13.16
2018-08-20,13.03
2018-08-21,12.9
2018-08-22,12.9
2018-08-23,12.76
2018-08-24,12.41
2018-08-27,12.24
2018-08-28,12.43
2018-08-29,12.44
2018-08-30,12.41
2018-08-31,12.6
2018-09-03,13.39
2018-09-04,13.78
2018-09-05,13.65
2018-09-06,13.72
2018-09-07,13.89
2018-09-10,15.2
2018-09-11,15.33
2018-09-12,14.25
2018-09-13,14.25
2018-09-14,13.84
2018-09-17,14.5
2018-09-18,14.42
2018-09-19,14.01
2018-09-20,14.01
2018-09-21,15.54
2018-09-24,17.43
2018-09-25,16.68
2018-09-26,17.09
2018-09-27,16.92
2018-09-28,17
2018-10-01,16.84
2018-10-02,16.84
2018-10-03,18.12
2018-10-04,18.92
2018-10-05,19.73
2018-10-08,20.15
2018-10-09,19.76
2018-10-10,17.91
2018-10-11,20.55
2018-10-12,18.63
2018-10-15,18.89
2018-10-16,17.37
2018-10-17,17.98
2018-10-18,17.98
2018-10-19,19.79
2018-10-22,21.36
2018-10-23,19.04
2018-10-24,18.88
2018-10-25,18.96
2018-10-26,19.23
2018-10-29,19.83
2018-10-30,20.5
2018-10-31,19.8
2018-11-01,19.19
2018-11-02,18.23
2018-11-05,19.48
2018-11-06,18.51
2018-11-07,17.88
2018-11-08,17.88
2018-11-09,17.77
2018-11-12,19.37
2018-11-13,18.7
2018-11-14,18.83
2018-11-15,18.46
2018-11-16,18.35
2018-11-19,19.26
2018-11-20,19.33
2018-11-21,19.56
2018-11-22,19.16
2018-11-23,19.16
2018-11-26,20.4
2018-11-27,18.32
2018-11-28,17.96
2018-11-29,18.7
2018-11-30,19.16
2018-12-03,18.22
2018-12-04,18.11
2018-12-05,18.39
2018-12-06,19.31
2018-12-07,18.59
2018-12-10,20.44
2018-12-11,17.95
2018-12-12,15.81
2018-12-13,15.55
2018-12-14,15.16
2018-12-17,14.54
2018-12-18,14.58
2018-12-19,14.66
2018-12-20,14.33
2018-12-21,15.99
2018-12-24,15.75
2018-12-25,15.75
2018-12-26,15.92
2018-12-27,16.07
2018-12-28,15.27
2018-12-31,16
2019-01-01,15.33
2019-01-02,16.39
2019-01-03,16.79
2019-01-04,16.16
2019-01-07,16.3
2019-01-08,15.7
2019-01-09,15.27
2019-01-10,15.35
2019-01-11,15.35
2019-01-14,16.16
2019-01-15,15.58
2019-01-16,16.08
2019-01-17,16.24
2019-01-18,16.62
2019-01-21,18.15
2019-01-22,17.99
2019-01-23,18.09
2019-01-24,17.44
2019-01-25,17.69
2019-01-28,18.9
2019-01-29,18.43
2019-01-30,17.85
2019-01-31,17.12
2019-02-01,15.72
2019-02-04,15.72
2019-02-05,15.78
2019-02-06,15.63
2019-02-07,15.44
2019-02-08,15.57
2019-02-11,15.84
2019-02-12,15.75
2019-02-13,15.73
2019-02-14,15.77
2019-02-15,16.46
2019-02-18,18
2019-02-19,18.47
2019-02-20,17.06
2019-02-21,16.05
2019-02-22,15.45
2019-02-25,15.36
2019-02-26,17.12
2019-02-27,18.9
2019-02-28,18.28
2019-03-01,16.28
2019-03-04,16.28
2019-03-05,15.66
2019-03-06,15.61
2019-03-07,15.29
2019-03-08,14.94
2019-03-11,14.9
2019-03-12,15.1
2019-03-13,15.28
2019-03-14,15.15
2019-03-15,15.87
2019-03-18,16.9
2019-03-19,16.49
2019-03-20,16.03
2019-03-21,16.03
2019-03-22,16.28
2019-03-25,16.67
2019-03-26,16.49
2019-03-27,17.05
2019-03-28,16.65
2019-03-29,17.19
2019-04-01,18.01
2019-04-02,18.08
2019-04-03,18.78
2019-04-04,18.65
2019-04-05,18.39
2019-04-08,20.15
2019-04-09,20.28
2019-04-10,21.13
2019-04-11,20.96
2019-04-12,21
2019-04-15,21.39
2019-04-16,21.69
2019-04-17,21.69
2019-04-18,22.74
2019-04-19,22.74
2019-04-22,24.05
2019-04-23,24.65
2019-04-24,23.71
2019-04-25,23.23
2019-04-26,21.72
2019-04-29,21.72
2019-04-30,21.83
2019-05-01,21.83
2019-05-02,22.98
2019-05-03,24.03
2019-05-06,26.43
2019-05-07,26.48
2019-05-08,26.37
2019-05-09,25.49
2019-05-10,26.34
2019-05-13,27.38
2019-05-14,27.13
2019-05-15,28.66
2019-05-16,28.37
2019-05-17,28.08
2019-05-20,23.68
2019-05-21,25.65
2019-05-22,27.63
2019-05-23,19.41
2019-05-24,16.47
2019-05-27,16.19
2019-05-28,15.92
2019-05-29,16.41
2019-05-30,15.61
2019-05-31,16.07
2019-06-03,15.97
2019-06-04,15.63
2019-06-05,15.63
2019-06-06,15.53
2019-06-07,14.86
2019-06-10,14.98
2019-06-11,14.49
2019-06-12,14.12
2019-06-13,13.66
2019-06-14,13.9
2019-06-17,14.65
2019-06-18,14.6
2019-06-19,14.73
2019-06-20,14
2019-06-21,14.61
2019-06-24,15.22
2019-06-25,15.01
2019-06-26,14.75
2019-06-27,14.65
2019-06-28,14.95
2019-07-01,14.6
2019-07-02,14.25
2019-07-03,13.7
2019-07-04,13.53
2019-07-05,13.07
2019-07-08,13.85
2019-07-09,13.69
2019-07-10,13.64
2019-07-11,12.47
2019-07-12,12
2019-07-15,12.02
2019-07-16,11.56
2019-07-17,11.8
2019-07-18,11.75
2019-07-19,12.52
2019-07-22,13.01
2019-07-23,13.43
2019-07-24,12.76
2019-07-25,12.64
2019-07-26,12.13
2019-07-29,13.06
2019-07-30,13.61
2019-07-31,13.59
2019-08-01,14.56
2019-08-02,15.19
2019-08-05,16.59
2019-08-06,16.12
2019-08-07,16.74
2019-08-08,16.09
2019-08-09,15.85
2019-08-12,15.85
2019-08-13,17.78
2019-08-14,16.36
2019-08-15,16.36
2019-08-16,16.65
2019-08-19,16.75
2019-08-20,16.63
2019-08-21,17.02
2019-08-22,17.85
2019-08-23,17.35
2019-08-26,16.66
2019-08-27,16.01
2019-08-28,16.84
2019-08-29,16.43
2019-08-30,16.28
2019-09-02,16.28
2019-09-03,18.06
2019-09-04,17.24
2019-09-05,17.27
2019-09-06,16.28
2019-09-09,15.85
2019-09-10,15.85
2019-09-11,15.37
2019-09-12,14.9
2019-09-13,14.12
2019-09-16,14.95
2019-09-17,16.02
2019-09-18,15.35
2019-09-19,15.55
2019-09-20,15.4
2019-09-23,16.79
2019-09-24,16.73
2019-09-25,16.17
2019-09-26,16.34
2019-09-27,16.12
2019-09-30,15.87
2019-10-01,16.76
2019-10-02,16.76
2019-10-03,17.7
2019-10-04,17.58
2019-10-07,17.83
2019-10-08,17.83
2019-10-09,17.16
2019-10-10,17.23
2019-10-11,17.14
2019-10-14,17.43
2019-10-15,16.85
2019-10-16,16.36
2019-10-17,15.88
2019-10-18,15.93
2019-10-21,15.93
2019-10-22,16.81
2019-10-23,16.54
2019-10-24,16.24
2019-10-25,15.32
2019-10-28,15.59
2019-10-29,16.42
2019-10-30,16.66
2019-10-31,16.28
2019-11-01,15.73
2019-11-04,15.93
2019-11-05,15.92
2019-11-06,15.78
2019-11-07,15.21
2019-11-08,15.86
2019-11-11,16.25
2019-11-12,16.25
2019-11-13,16.46
2019-11-14,15.65
2019-11-15,15.03
2019-11-18,15.76
2019-11-19,15.41
2019-11-20,15.16
2019-11-21,14.98
2019-11-22,14.87
2019-11-25,15
2019-11-26,14.84
2019-11-27,14.62
2019-11-28,13.99
2019-11-29,13.9
2019-12-02,14.2
2019-12-03,14.56
2019-12-04,13.32
2019-12-05,14.31
2019-12-06,13.64
2019-12-09,14.6
2019-12-10,14.29
2019-12-11,13.38
2019-12-12,13.35
2019-12-13,13.3
2019-12-16,13.42
2019-12-17,12.52
2019-12-18,12.34
2019-12-19,12.12
2019-12-20,12.33
2019-12-23,11.96
2019-12-24,11.63
2019-12-25,11.63
2019-12-26,11.12
2019-12-27,10.53
2019-12-30,11.01
2019-12-31,11.67
2020-01-01,11.6
2020-01-02,11.49
2020-01-03,12.7
2020-01-06,14.78
2020-01-07,14.61
2020-01-08,15.64
2020-01-09,14
2020-01-10,14.08
2020-01-13,14.28
2020-01-14,13.91
2020-01-15,14.12
2020-01-16,14.18
2020-01-17,14.13
2020-01-20,15.41
2020-01-21,15.86
2020-01-22,16.36
2020-01-23,15.86
2020-01-24,15.56
2020-01-27,17.18
2020-01-28,17.3
2020-01-29,16.5
2020-01-30,16.8
2020-01-31,17.37
2020-02-03,15.78
2020-02-04,14.38
2020-02-05,14.17
2020-02-06,13.78
2020-02-07,13.75
2020-02-10,14.21
2020-02-11,13.88
2020-02-12,13.62
2020-02-13,13.37
2020-02-14,13.62
2020-02-17,14.42
2020-02-18,14.51
2020-02-19,14.02
2020-02-20,13.7
2020-02-21,13.7
2020-02-24,17
2020-02-25,16.9
2020-02-26,18.26
2020-02-27,17.77
2020-02-28,23.24
2020-03-02,25.2
2020-03-03,24.54
2020-03-04,24.23
2020-03-05,23.25
2020-03-06,25.64
2020-03-09,30.8
2020-03-10,30.8
2020-03-11,31.56
2020-03-12,41.16
2020-03-13,51.47
2020-03-16,58.88
2020-03-17,62.93
2020-03-18,63.96
2020-03-19,72.2
2020-03-20,67.1
2020-03-23,71.99
2020-03-24,83.61
2020-03-25,77.63
2020-03-26,71.53
2020-03-27,70.39
2020-03-30,71.89
2020-03-31,64.41
2020-04-01,60.05
2020-04-02,60.05
2020-04-03,55.3
2020-04-06,55.3
2020-04-07,51.8
2020-04-08,52.24
2020-04-09,49.75
2020-04-10,49.75
2020-04-13,51.46
2020-04-14,51.46
2020-04-15,49.74
2020-04-16,46.1
2020-04-17,42.59
2020-04-20,43.46
2020-04-21,45.2
2020-04-22,42.82
2020-04-23,39.23
2020-04-24,39.12
2020-04-27,38.04
2020-04-28,35.36
2020-04-29,33.84
2020-04-30,33.99
2020-05-01,33.99
2020-05-04,43.67
2020-05-05,43.61
2020-05-06,41.25
2020-05-07,39.93
2020-05-08,38.41
2020-05-11,38.04
2020-05-12,38.21
2020-05-13,38.84
2020-05-14,38.18
2020-05-15,38.02
2020-05-18,40.92
2020-05-19,39.45
2020-05-20,35.81
2020-05-21,32.99
2020-05-22,32.38
2020-05-25,32.38
2020-05-26,31.47
2020-05-27,31.27
2020-05-28,30.02
2020-05-29,30.22
2020-06-01,30.74
2020-06-02,30.12
2020-06-03,30.04
2020-06-04,29.69
2020-06-05,28.68
2020-06-08,29.65
2020-06-09,30.21
2020-06-10,29.44
2020-06-11,29.66
2020-06-12,30.82
2020-06-15,32.58
2020-06-16,32.97
2020-06-17,33.36
2020-06-18,31.46
2020-06-19,29.97
2020-06-22,30.46
2020-06-23,29.34
2020-06-24,29.58
2020-06-25,29.73
2020-06-26,28.74
2020-06-29,28.91
2020-06-30,29.12
2020-07-01,28.12
2020-07-02,26.51
2020-07-03,25.77
2020-07-06,25.2
2020-07-07,25.1
2020-07-08,26.1
2020-07-09,24.91
2020-07-10,24.94
2020-07-13,25.25
2020-07-14,26.64
2020-07-15,26.29
2020-07-16,25.36
2020-07-17,24.16
2020-07-20,24.71
2020-07-21,24.43
2020-07-22,24.89
2020-07-23,24.64
2020-07-24,24.54
2020-07-27,25.02
2020-07-28,23.64
2020-07-29,24.11
2020-07-30,24.73
2020-07-31,24.19
2020-08-03,25.19
2020-08-04,23.82
2020-08-05,23.57
2020-08-06,23.15
2020-08-07,22.58
2020-08-10,22.51
2020-08-11,21.36
2020-08-12,20.85
2020-08-13,20.57
2020-08-14,21.67
2020-08-17,21.31
2020-08-18,20.43
2020-08-19,19.96
2020-08-20,20.62
2020-08-21,19.94
2020-08-24,19.23
2020-08-25,19.32
2020-08-26,19.3
2020-08-27,18.9
2020-08-28,18.35
2020-08-31,22.84
2020-09-01,21.8
2020-09-02,21.11
2020-09-03,20.5
2020-09-04,22.15
2020-09-07,22.01
2020-09-08,22.72
2020-09-09,22.23
2020-09-10,21.26
2020-09-11,20.71
2020-09-14,21.19
2020-09-15,20.6
2020-09-16,19.66
2020-09-17,20.1
2020-09-18,20.05
2020-09-21,22.19
2020-09-22,21.41
2020-09-23,20.99
2020-09-24,23.51
2020-09-25,20.68
2020-09-28,19.57
2020-09-29,19.78
2020-09-30,19.53
2020-10-01,18.35
2020-10-02,18.35
2020-10-05,19.71
2020-10-06,19.64
2020-10-07,20.06
2020-10-08,20.38
2020-10-09,20.38
2020-10-12,21.13
2020-10-13,20.72
2020-10-14,20.21
2020-10-15,22.06
2020-10-16,21.65
2020-10-19,21.82
2020-10-20,22.69
2020-10-21,22.92
2020-10-22,22.64
2020-10-23,21.83
2020-10-26,22.83
2020-10-27,22.2
2020-10-28,23.28
2020-10-29,24.02
2020-10-30,24.75
2020-11-02,25.21
2020-11-03,24.24
2020-11-04,23.2
2020-11-05,20.97
2020-11-06,20.5
2020-11-09,20.11
2020-11-10,21.58
2020-11-11,22.03
2020-11-12,20.62
2020-11-13,19.7
2020-11-16,19.13
2020-11-17,19.8
2020-11-18,19.12
2020-11-19,19.57
2020-11-20,19.62
2020-11-23,20.8
2020-11-24,21.06
2020-11-25,23.13
2020-11-26,20.02
2020-11-27,19.82
2020-11-30,19.82
2020-12-01,20.18
2020-12-02,19.91
2020-12-03,19
2020-12-04,18.03
2020-12-07,18.03
2020-12-08,18.62
2020-12-09,18.92
2020-12-10,18.71
2020-12-11,18.79
2020-12-14,19.4
2020-12-15,19.35
2020-12-16,19.2
2020-12-17,19.16
2020-12-18,18.62
2020-12-21,23.19
2020-12-22,21.99
2020-12-23,20.5
2020-12-24,19.97
2020-12-25,19.97
2020-12-28,20.43
2020-12-29,20.79
2020-12-30,21.11
2020-12-31,21.1
2021-01-01,19.56
2021-01-04,20.03
2021-01-05,20.46
2021-01-06,21
2021-01-07,20.62
2021-01-08,20.64
2021-01-11,22.38
2021-01-12,22.85
2021-01-13,23.29
2021-01-14,23.03
2021-01-15,24.01
2021-01-18,24.4
2021-01-19,22.9
2021-01-20,21.55
2021-01-21,22.18
2021-01-22,22.42
2021-01-25,23.25
2021-01-26,23.25
2021-01-27,24.39
2021-01-28,24.29
2021-01-29,25.34
2021-02-01,23.32
2021-02-02,23.35
2021-02-03,23.75
2021-02-04,23.12
2021-02-05,23.42
2021-02-08,23.96
2021-02-09,24.27
2021-02-10,23.95
2021-02-11,23.05
2021-02-12,22.04
2021-02-15,21.48
2021-02-16,21.78
2021-02-17,21.51
2021-02-18,21.54
2021-02-19,22.25
2021-02-22,25.47
2021-02-23,25.23
2021-02-24,24.17
2021-02-25,22.89
2021-02-26,28.14
2021-03-01,25.63
2021-03-02,23.61
2021-03-03,22.09
2021-03-04,24.15
2021-03-05,25.56
2021-03-08,24.68
2021-03-09,22.5
2021-03-10,20.75
2021-03-11,20.75
2021-03-12,21.71
2021-03-15,21.23
2021-03-16,20.19
2021-03-17,20.16
2021-03-18,20.08
2021-03-19,19.99
2021-03-22,20.49
2021-03-23,20.67
2021-03-24,22.46
2021-03-25,22.7
2021-03-26,20.65
2021-03-29,20.65
2021-03-30,20.49
2021-03-31,20.65
2021-04-01,19.99
2021-04-02,19.99
