Dates,IVIX
01-01-2008,25.26
02-01-2008,25.10
03-01-2008,26.72
04-01-2008,26.65
07-01-2008,27.80
08-01-2008,28.06
09-01-2008,27.80
10-01-2008,28.97
11-01-2008,28.01
14-01-2008,27.24
15-01-2008,31.17
16-01-2008,31.44
17-01-2008,31.71
18-01-2008,32.19
21-01-2008,37.02
22-01-2008,47.59
23-01-2008,47.23
24-01-2008,48.81
25-01-2008,48.53
28-01-2008,54.41
29-01-2008,52.70
30-01-2008,53.08
31-01-2008,48.81
01-02-2008,43.18
04-02-2008,45.88
05-02-2008,43.39
06-02-2008,42.63
07-02-2008,43.39
08-02-2008,45.16
11-02-2008,48.63
12-02-2008,46.05
13-02-2008,40.04
14-02-2008,36.75
15-02-2008,38.85
18-02-2008,38.12
19-02-2008,46.92
20-02-2008,37.57
21-02-2008,37.90
22-02-2008,38.42
25-02-2008,37.74
26-02-2008,37.36
27-02-2008,37.15
28-02-2008,38.67
29-02-2008,38.08
03-03-2008,35.76
04-03-2008,38.08
05-03-2008,35.51
06-03-2008,35.51
07-03-2008,35.20
10-03-2008,32.58
11-03-2008,32.69
12-03-2008,32.36
13-03-2008,34.15
14-03-2008,31.11
17-03-2008,33.43
18-03-2008,37.84
19-03-2008,35.49
20-03-2008,35.49
21-03-2008,35.49
24-03-2008,35.21
25-03-2008,33.30
26-03-2008,37.18
27-03-2008,37.28
28-03-2008,33.07
31-03-2008,35.14
01-04-2008,35.10
02-04-2008,33.62
03-04-2008,36.68
04-04-2008,36.93
07-04-2008,30.99
08-04-2008,31.40
09-04-2008,38.24
10-04-2008,30.52
11-04-2008,30.52
14-04-2008,30.52
15-04-2008,30.23
16-04-2008,27.94
17-04-2008,27.10
18-04-2008,27.10
21-04-2008,30.28
22-04-2008,39.62
23-04-2008,32.37
24-04-2008,28.73
25-04-2008,27.40
28-04-2008,27.62
29-04-2008,26.16
30-04-2008,25.16
01-05-2008,25.16
02-05-2008,25.16
05-05-2008,25.07
06-05-2008,24.91
07-05-2008,25.06
08-05-2008,31.40
09-05-2008,27.53
12-05-2008,31.50
13-05-2008,33.43
14-05-2008,29.22
15-05-2008,29.02
16-05-2008,23.25
19-05-2008,23.25
20-05-2008,24.99
21-05-2008,27.86
22-05-2008,34.86
23-05-2008,34.03
26-05-2008,33.01
27-05-2008,28.59
28-05-2008,32.63
29-05-2008,28.08
30-05-2008,26.68
02-06-2008,29.49
03-06-2008,28.49
04-06-2008,29.82
05-06-2008,30.32
06-06-2008,26.46
09-06-2008,32.43
10-06-2008,30.23
11-06-2008,29.64
12-06-2008,29.23
13-06-2008,30.70
16-06-2008,29.02
17-06-2008,28.96
18-06-2008,31.82
19-06-2008,32.32
20-06-2008,28.19
23-06-2008,31.12
24-06-2008,34.05
25-06-2008,36.46
26-06-2008,32.85
27-06-2008,32.20
30-06-2008,30.96
01-07-2008,31.42
02-07-2008,35.38
03-07-2008,36.26
04-07-2008,35.67
07-07-2008,37.29
08-07-2008,36.04
09-07-2008,34.27
10-07-2008,32.17
11-07-2008,33.01
14-07-2008,31.51
15-07-2008,49.77
16-07-2008,31.10
17-07-2008,35.34
18-07-2008,36.25
21-07-2008,40.40
22-07-2008,35.55
23-07-2008,37.77
24-07-2008,40.29
25-07-2008,42.49
28-07-2008,54.06
29-07-2008,61.73
30-07-2008,51.72
31-07-2008,39.06
01-08-2008,38.49
04-08-2008,40.24
05-08-2008,35.66
06-08-2008,34.92
07-08-2008,35.67
08-08-2008,35.14
11-08-2008,31.37
12-08-2008,33.89
13-08-2008,34.76
14-08-2008,35.24
15-08-2008,35.24
18-08-2008,36.54
19-08-2008,34.92
20-08-2008,33.95
21-08-2008,36.55
22-08-2008,35.76
25-08-2008,45.11
26-08-2008,33.90
27-08-2008,32.80
28-08-2008,33.31
29-08-2008,31.67
01-09-2008,31.28
02-09-2008,30.45
03-09-2008,30.45
04-09-2008,31.23
05-09-2008,32.65
08-09-2008,30.77
09-09-2008,30.36
10-09-2008,32.12
11-09-2008,32.73
12-09-2008,30.43
15-09-2008,33.12
16-09-2008,34.90
17-09-2008,33.99
18-09-2008,39.56
19-09-2008,39.12
22-09-2008,37.97
23-09-2008,38.74
24-09-2008,35.61
25-09-2008,34.09
26-09-2008,33.96
29-09-2008,34.90
30-09-2008,37.19
01-10-2008,35.54
02-10-2008,35.54
03-10-2008,35.10
06-10-2008,33.75
07-10-2008,39.30
08-10-2008,39.33
09-10-2008,39.33
10-10-2008,44.70
13-10-2008,46.49
14-10-2008,44.71
15-10-2008,46.07
16-10-2008,47.81
17-10-2008,46.72
20-10-2008,57.13
21-10-2008,56.00
22-10-2008,54.75
23-10-2008,54.97
24-10-2008,45.50
27-10-2008,67.50
28-10-2008,70.25
29-10-2008,68.35
30-10-2008,68.35
31-10-2008,69.32
03-11-2008,67.84
04-11-2008,62.15
05-11-2008,66.75
06-11-2008,69.26
07-11-2008,67.22
10-11-2008,63.76
11-11-2008,66.99
12-11-2008,70.62
13-11-2008,70.62
14-11-2008,70.08
17-11-2008,85.13
18-11-2008,64.66
19-11-2008,60.84
20-11-2008,65.55
21-11-2008,64.46
24-11-2008,62.81
25-11-2008,59.56
26-11-2008,56.21
27-11-2008,56.21
28-11-2008,57.44
01-12-2008,55.26
02-12-2008,54.30
03-12-2008,54.66
04-12-2008,51.84
05-12-2008,52.05
08-12-2008,50.28
09-12-2008,50.28
10-12-2008,50.36
11-12-2008,51.75
12-12-2008,49.23
15-12-2008,48.10
16-12-2008,44.91
17-12-2008,49.97
18-12-2008,45.49
19-12-2008,38.49
22-12-2008,41.46
23-12-2008,45.70
24-12-2008,41.79
25-12-2008,41.79
26-12-2008,45.16
29-12-2008,43.89
30-12-2008,42.51
31-12-2008,43.09
01-01-2009,41.34
02-01-2009,40.67
05-01-2009,38.60
06-01-2009,38.73
07-01-2009,44.36
08-01-2009,44.36
09-01-2009,47.82
12-01-2009,48.57
13-01-2009,53.47
14-01-2009,44.26
15-01-2009,45.17
16-01-2009,44.30
19-01-2009,44.46
20-01-2009,45.00
21-01-2009,45.41
22-01-2009,45.55
23-01-2009,34.01
26-01-2009,34.01
27-01-2009,42.86
28-01-2009,40.76
29-01-2009,43.11
30-01-2009,42.10
02-02-2009,43.69
03-02-2009,49.24
04-02-2009,44.39
05-02-2009,43.92
06-02-2009,50.65
09-02-2009,44.58
10-02-2009,44.30
11-02-2009,46.65
12-02-2009,45.65
13-02-2009,43.31
16-02-2009,42.56
17-02-2009,44.00
18-02-2009,43.04
19-02-2009,42.91
20-02-2009,45.21
23-02-2009,45.21
24-02-2009,45.20
25-02-2009,45.20
26-02-2009,39.87
27-02-2009,40.61
02-03-2009,43.17
03-03-2009,43.89
04-03-2009,42.52
05-03-2009,41.49
06-03-2009,38.16
09-03-2009,40.87
10-03-2009,40.87
11-03-2009,40.87
12-03-2009,39.27
13-03-2009,35.56
16-03-2009,36.70
17-03-2009,38.43
18-03-2009,38.15
19-03-2009,37.74
20-03-2009,37.00
23-03-2009,38.59
24-03-2009,38.02
25-03-2009,37.41
26-03-2009,37.23
27-03-2009,37.58
30-03-2009,40.09
31-03-2009,39.49
01-04-2009,36.44
02-04-2009,37.37
03-04-2009,37.37
06-04-2009,41.02
07-04-2009,41.02
08-04-2009,43.29
09-04-2009,43.21
10-04-2009,43.21
13-04-2009,46.57
14-04-2009,46.57
15-04-2009,47.59
16-04-2009,50.10
17-04-2009,50.65
20-04-2009,54.41
21-04-2009,53.27
22-04-2009,53.59
23-04-2009,49.23
24-04-2009,47.12
27-04-2009,49.11
28-04-2009,48.74
29-04-2009,45.87
30-04-2009,45.87
01-05-2009,45.87
04-05-2009,50.51
05-05-2009,51.14
06-05-2009,52.04
07-05-2009,51.08
08-05-2009,50.94
11-05-2009,54.76
12-05-2009,52.20
13-05-2009,52.97
14-05-2009,52.32
15-05-2009,52.01
18-05-2009,52.01
19-05-2009,56.07
20-05-2009,49.51
21-05-2009,43.31
22-05-2009,41.97
25-05-2009,39.38
26-05-2009,43.87
27-05-2009,39.74
28-05-2009,37.78
29-05-2009,40.57
01-06-2009,41.02
02-06-2009,40.17
03-06-2009,39.42
04-06-2009,40.20
05-06-2009,40.00
08-06-2009,42.06
09-06-2009,39.84
10-06-2009,39.44
11-06-2009,40.86
12-06-2009,40.19
15-06-2009,41.13
16-06-2009,41.44
17-06-2009,44.89
18-06-2009,44.95
19-06-2009,42.47
22-06-2009,44.17
23-06-2009,44.17
24-06-2009,44.17
25-06-2009,43.63
26-06-2009,38.30
29-06-2009,40.51
30-06-2009,42.52
01-07-2009,43.07
02-07-2009,43.80
03-07-2009,46.55
06-07-2009,39.70
07-07-2009,36.22
08-07-2009,37.27
09-07-2009,35.96
10-07-2009,35.03
13-07-2009,36.50
14-07-2009,34.67
15-07-2009,36.12
16-07-2009,37.58
17-07-2009,35.95
20-07-2009,36.97
21-07-2009,36.56
22-07-2009,37.13
23-07-2009,36.31
24-07-2009,36.59
27-07-2009,37.43
28-07-2009,35.95
29-07-2009,37.55
30-07-2009,36.60
31-07-2009,36.14
03-08-2009,37.38
04-08-2009,37.10
05-08-2009,37.04
06-08-2009,38.00
07-08-2009,37.74
10-08-2009,39.14
11-08-2009,39.04
12-08-2009,38.89
13-08-2009,35.95
14-08-2009,36.74
17-08-2009,41.28
18-08-2009,38.74
19-08-2009,39.55
20-08-2009,37.65
21-08-2009,36.07
24-08-2009,35.51
25-08-2009,35.18
26-08-2009,34.35
27-08-2009,33.60
28-08-2009,33.50
31-08-2009,34.22
01-09-2009,34.79
02-09-2009,34.73
03-09-2009,33.82
04-09-2009,32.39
07-09-2009,32.05
08-09-2009,31.78
09-09-2009,31.41
10-09-2009,31.36
11-09-2009,30.58
14-09-2009,31.55
15-09-2009,30.12
16-09-2009,28.29
17-09-2009,27.89
18-09-2009,26.99
21-09-2009,26.99
22-09-2009,26.87
23-09-2009,26.47
24-09-2009,24.31
25-09-2009,25.69
28-09-2009,25.69
29-09-2009,26.17
30-09-2009,25.29
01-10-2009,25.24
02-10-2009,25.24
05-10-2009,28.68
06-10-2009,27.73
07-10-2009,30.53
08-10-2009,29.90
09-10-2009,30.24
12-10-2009,28.10
13-10-2009,28.10
14-10-2009,26.37
15-10-2009,26.64
16-10-2009,25.94
19-10-2009,26.29
20-10-2009,26.67
21-10-2009,26.77
22-10-2009,26.51
23-10-2009,25.22
26-10-2009,26.04
27-10-2009,28.07
28-10-2009,28.49
29-10-2009,28.31
30-10-2009,28.81
02-11-2009,28.81
03-11-2009,32.04
04-11-2009,30.04
05-11-2009,30.03
06-11-2009,29.21
09-11-2009,29.52
10-11-2009,30.15
11-11-2009,30.84
12-11-2009,29.61
13-11-2009,29.65
16-11-2009,28.04
17-11-2009,26.75
18-11-2009,26.29
19-11-2009,27.48
20-11-2009,28.61
23-11-2009,26.28
24-11-2009,25.45
25-11-2009,24.66
26-11-2009,28.12
27-11-2009,30.13
30-11-2009,27.40
01-12-2009,26.27
02-12-2009,25.64
03-12-2009,25.59
04-12-2009,25.61
07-12-2009,26.95
08-12-2009,26.23
09-12-2009,27.36
10-12-2009,27.03
11-12-2009,26.76
14-12-2009,27.82
15-12-2009,28.59
16-12-2009,27.36
17-12-2009,27.23
18-12-2009,26.59
21-12-2009,25.95
22-12-2009,24.69
23-12-2009,24.49
24-12-2009,22.94
25-12-2009,22.94
28-12-2009,22.94
29-12-2009,24.33
30-12-2009,24.58
31-12-2009,23.35
01-01-2010,23.35
04-01-2010,23.73
05-01-2010,22.21
06-01-2010,22.10
07-01-2010,22.29
08-01-2010,22.41
11-01-2010,22.45
12-01-2010,22.96
13-01-2010,21.96
14-01-2010,20.89
15-01-2010,21.06
18-01-2010,21.64
19-01-2010,22.01
20-01-2010,22.25
21-01-2010,24.17
22-01-2010,25.40
25-01-2010,25.81
26-01-2010,25.81
27-01-2010,29.20
28-01-2010,26.93
29-01-2010,26.65
01-02-2010,26.17
02-02-2010,26.05
03-02-2010,26.23
04-02-2010,26.56
05-02-2010,29.96
08-02-2010,31.33
09-02-2010,29.91
10-02-2010,30.61
11-02-2010,29.14
12-02-2010,29.14
15-02-2010,29.67
16-02-2010,28.92
17-02-2010,27.75
18-02-2010,28.42
19-02-2010,30.45
22-02-2010,31.80
23-02-2010,31.09
24-02-2010,30.55
25-02-2010,29.71
26-02-2010,25.24
01-03-2010,25.24
02-03-2010,22.82
03-03-2010,21.30
04-03-2010,21.24
05-03-2010,21.00
08-03-2010,20.82
09-03-2010,20.96
10-03-2010,20.25
11-03-2010,20.53
12-03-2010,19.82
15-03-2010,20.43
16-03-2010,20.17
17-03-2010,19.04
18-03-2010,19.26
19-03-2010,18.94
22-03-2010,20.21
23-03-2010,18.42
24-03-2010,18.42
25-03-2010,17.84
26-03-2010,18.23
29-03-2010,19.48
30-03-2010,19.90
31-03-2010,19.83
01-04-2010,18.09
02-04-2010,18.09
05-04-2010,17.50
06-04-2010,17.30
07-04-2010,17.50
08-04-2010,19.58
09-04-2010,18.60
12-04-2010,19.97
13-04-2010,20.10
14-04-2010,20.10
15-04-2010,21.43
16-04-2010,21.63
19-04-2010,22.72
20-04-2010,20.82
21-04-2010,19.78
22-04-2010,20.53
23-04-2010,20.35
26-04-2010,19.82
27-04-2010,19.82
28-04-2010,22.73
29-04-2010,21.09
30-04-2010,20.29
03-05-2010,22.11
04-05-2010,23.70
05-05-2010,24.85
06-05-2010,24.23
07-05-2010,27.31
10-05-2010,25.62
11-05-2010,25.59
12-05-2010,25.69
13-05-2010,24.54
14-05-2010,26.18
17-05-2010,26.93
18-05-2010,26.43
19-05-2010,29.99
20-05-2010,30.04
21-05-2010,31.27
24-05-2010,30.84
25-05-2010,34.37
26-05-2010,32.29
27-05-2010,29.62
28-05-2010,26.22
31-05-2010,26.43
01-06-2010,28.60
02-06-2010,28.06
03-06-2010,25.40
04-06-2010,25.02
07-06-2010,28.27
08-06-2010,28.79
09-06-2010,28.09
10-06-2010,26.73
11-06-2010,25.06
14-06-2010,23.23
15-06-2010,21.95
16-06-2010,22.22
17-06-2010,21.66
18-06-2010,20.52
21-06-2010,19.91
22-06-2010,20.58
23-06-2010,20.30
24-06-2010,19.81
25-06-2010,20.19
28-06-2010,19.71
29-06-2010,20.68
30-06-2010,21.11
01-07-2010,21.74
02-07-2010,21.89
05-07-2010,21.98
06-07-2010,20.90
07-07-2010,22.11
08-07-2010,21.15
09-07-2010,20.22
12-07-2010,19.90
13-07-2010,19.12
14-07-2010,20.07
15-07-2010,20.11
16-07-2010,19.70
19-07-2010,20.71
20-07-2010,20.38
21-07-2010,20.00
22-07-2010,18.90
23-07-2010,19.24
26-07-2010,19.97
27-07-2010,19.22
28-07-2010,19.52
29-07-2010,18.33
30-07-2010,18.94
02-08-2010,17.99
03-08-2010,17.55
04-08-2010,17.04
05-08-2010,17.71
06-08-2010,17.37
09-08-2010,17.00
10-08-2010,17.33
11-08-2010,18.11
12-08-2010,18.00
13-08-2010,16.74
16-08-2010,18.11
17-08-2010,17.63
18-08-2010,16.40
19-08-2010,16.53
20-08-2010,16.70
23-08-2010,17.14
24-08-2010,16.99
25-08-2010,18.92
26-08-2010,17.09
27-08-2010,19.63
30-08-2010,18.36
31-08-2010,18.47
01-09-2010,16.70
02-09-2010,16.15
03-09-2010,15.86
06-09-2010,15.22
07-09-2010,15.83
08-09-2010,15.97
09-09-2010,15.92
10-09-2010,15.92
13-09-2010,18.14
14-09-2010,18.60
15-09-2010,19.43
16-09-2010,18.85
17-09-2010,19.49
20-09-2010,21.95
21-09-2010,22.63
22-09-2010,24.29
23-09-2010,23.90
24-09-2010,21.71
27-09-2010,22.36
28-09-2010,21.21
29-09-2010,22.16
30-09-2010,22.25
01-10-2010,21.43
04-10-2010,22.80
05-10-2010,22.17
06-10-2010,21.73
07-10-2010,22.45
08-10-2010,21.40
11-10-2010,21.20
12-10-2010,20.51
13-10-2010,20.02
14-10-2010,20.60
15-10-2010,22.65
18-10-2010,22.35
19-10-2010,23.23
20-10-2010,23.80
21-10-2010,22.19
22-10-2010,21.61
25-10-2010,21.36
26-10-2010,20.55
27-10-2010,21.02
28-10-2010,20.52
29-10-2010,20.76
01-11-2010,20.92
02-11-2010,21.25
03-11-2010,21.53
04-11-2010,19.36
05-11-2010,19.22
08-11-2010,19.61
09-11-2010,18.75
10-11-2010,19.08
11-11-2010,19.36
12-11-2010,21.63
15-11-2010,20.25
16-11-2010,21.13
17-11-2010,21.13
18-11-2010,20.62
19-11-2010,21.60
22-11-2010,19.93
23-11-2010,23.26
24-11-2010,24.68
25-11-2010,21.63
26-11-2010,22.58
29-11-2010,21.31
30-11-2010,20.71
01-12-2010,19.20
02-12-2010,18.80
03-12-2010,18.60
06-12-2010,19.37
07-12-2010,19.24
08-12-2010,20.43
09-12-2010,22.60
10-12-2010,21.63
13-12-2010,22.57
14-12-2010,21.46
15-12-2010,21.42
16-12-2010,20.24
17-12-2010,20.24
20-12-2010,20.78
21-12-2010,19.77
22-12-2010,19.56
23-12-2010,19.03
24-12-2010,17.65
27-12-2010,18.45
28-12-2010,18.13
29-12-2010,17.13
30-12-2010,17.02
31-12-2010,16.56
03-01-2011,16.99
04-01-2011,17.03
05-01-2011,17.88
06-01-2011,18.20
07-01-2011,20.82
10-01-2011,23.16
11-01-2011,22.33
12-01-2011,21.41
13-01-2011,23.15
14-01-2011,23.81
17-01-2011,23.57
18-01-2011,21.46
19-01-2011,21.09
20-01-2011,21.01
21-01-2011,21.03
24-01-2011,20.17
25-01-2011,20.78
26-01-2011,20.78
27-01-2011,22.09
28-01-2011,22.58
31-01-2011,23.41
01-02-2011,23.73
02-02-2011,23.52
03-02-2011,22.69
04-02-2011,24.41
07-02-2011,24.69
08-02-2011,24.74
09-02-2011,25.24
10-02-2011,24.82
11-02-2011,23.47
14-02-2011,22.58
15-02-2011,22.85
16-02-2011,23.05
17-02-2011,22.57
18-02-2011,24.18
21-02-2011,24.91
22-02-2011,26.85
23-02-2011,26.55
24-02-2011,28.20
25-02-2011,27.27
28-02-2011,24.40
01-03-2011,22.22
02-03-2011,22.22
03-03-2011,22.96
04-03-2011,22.91
07-03-2011,25.22
08-03-2011,23.67
09-03-2011,23.28
10-03-2011,23.53
11-03-2011,24.13
14-03-2011,23.30
15-03-2011,26.63
16-03-2011,24.89
17-03-2011,25.26
18-03-2011,25.89
21-03-2011,25.21
22-03-2011,22.26
23-03-2011,20.97
24-03-2011,19.84
25-03-2011,20.47
28-03-2011,21.02
29-03-2011,21.22
30-03-2011,22.04
31-03-2011,22.18
01-04-2011,20.11
04-04-2011,20.06
05-04-2011,19.90
06-04-2011,20.36
07-04-2011,20.32
08-04-2011,20.54
11-04-2011,21.24
12-04-2011,21.24
13-04-2011,20.41
14-04-2011,20.41
15-04-2011,21.59
18-04-2011,22.45
19-04-2011,22.07
20-04-2011,20.99
21-04-2011,20.51
22-04-2011,20.51
25-04-2011,20.91
26-04-2011,21.71
27-04-2011,21.35
28-04-2011,20.92
29-04-2011,19.58
02-05-2011,20.88
03-05-2011,21.58
04-05-2011,21.18
05-05-2011,21.60
06-05-2011,20.97
09-05-2011,21.50
10-05-2011,21.74
11-05-2011,21.24
12-05-2011,21.23
13-05-2011,20.63
16-05-2011,21.46
17-05-2011,21.03
18-05-2011,20.71
19-05-2011,20.41
20-05-2011,19.45
23-05-2011,21.04
24-05-2011,19.93
25-05-2011,20.66
26-05-2011,19.18
27-05-2011,17.25
30-05-2011,17.87
31-05-2011,16.82
01-06-2011,16.73
02-06-2011,17.98
03-06-2011,17.61
06-06-2011,18.21
07-06-2011,18.03
08-06-2011,18.58
09-06-2011,18.58
10-06-2011,18.54
13-06-2011,18.91
14-06-2011,18.51
15-06-2011,19.14
16-06-2011,19.66
17-06-2011,20.27
20-06-2011,22.18
21-06-2011,21.31
22-06-2011,20.89
23-06-2011,19.50
24-06-2011,19.32
27-06-2011,19.99
28-06-2011,19.49
29-06-2011,19.46
30-06-2011,18.41
01-07-2011,18.21
04-07-2011,18.17
05-07-2011,18.25
06-07-2011,18.34
07-07-2011,18.62
08-07-2011,18.67
11-07-2011,19.69
12-07-2011,20.83
13-07-2011,19.52
14-07-2011,19.97
15-07-2011,19.95
18-07-2011,20.20
19-07-2011,19.25
20-07-2011,19.11
21-07-2011,18.75
22-07-2011,17.91
25-07-2011,19.20
26-07-2011,19.30
27-07-2011,18.25
28-07-2011,18.51
29-07-2011,19.77
01-08-2011,18.78
02-08-2011,19.15
03-08-2011,19.48
04-08-2011,20.22
05-08-2011,24.90
08-08-2011,28.78
09-08-2011,34.88
10-08-2011,28.95
11-08-2011,29.09
12-08-2011,27.02
15-08-2011,27.02
16-08-2011,26.46
17-08-2011,25.48
18-08-2011,27.45
19-08-2011,29.19
22-08-2011,27.08
23-08-2011,25.92
24-08-2011,28.60
25-08-2011,27.94
26-08-2011,33.26
29-08-2011,26.07
30-08-2011,24.88
31-08-2011,24.88
01-09-2011,24.88
02-09-2011,26.09
05-09-2011,27.83
06-09-2011,28.66
07-09-2011,27.86
08-09-2011,27.64
09-09-2011,28.15
12-09-2011,32.75
13-09-2011,32.77
14-09-2011,32.45
15-09-2011,30.79
16-09-2011,28.45
19-09-2011,29.60
20-09-2011,27.25
21-09-2011,27.67
22-09-2011,33.88
23-09-2011,35.16
26-09-2011,35.43
27-09-2011,32.01
28-09-2011,32.00
29-09-2011,31.07
30-09-2011,31.94
03-10-2011,35.07
04-10-2011,37.19
05-10-2011,35.37
06-10-2011,35.37
07-10-2011,33.02
10-10-2011,30.03
11-10-2011,30.30
12-10-2011,28.41
13-10-2011,28.24
14-10-2011,25.98
17-10-2011,25.43
18-10-2011,25.90
19-10-2011,24.05
20-10-2011,25.60
21-10-2011,26.30
24-10-2011,25.22
25-10-2011,22.31
26-10-2011,22.69
27-10-2011,22.69
28-10-2011,20.89
31-10-2011,22.66
01-11-2011,24.02
02-11-2011,24.89
03-11-2011,24.66
04-11-2011,23.43
07-11-2011,23.43
08-11-2011,23.71
09-11-2011,24.30
10-11-2011,24.30
11-11-2011,24.74
14-11-2011,25.29
15-11-2011,25.97
16-11-2011,25.04
17-11-2011,26.92
18-11-2011,26.58
21-11-2011,28.61
22-11-2011,27.35
23-11-2011,30.68
24-11-2011,27.95
25-11-2011,29.12
28-11-2011,26.64
29-11-2011,26.87
30-11-2011,26.55
01-12-2011,25.02
02-12-2011,23.99
05-12-2011,25.02
06-12-2011,25.02
07-12-2011,26.46
08-12-2011,28.58
09-12-2011,29.53
12-12-2011,29.27
13-12-2011,28.11
14-12-2011,28.79
15-12-2011,28.81
16-12-2011,29.69
19-12-2011,30.58
20-12-2011,30.53
21-12-2011,27.53
22-12-2011,26.84
23-12-2011,27.39
26-12-2011,26.60
27-12-2011,26.29
28-12-2011,26.74
29-12-2011,26.62
30-12-2011,27.11
02-01-2012,27.53
03-01-2012,26.16
04-01-2012,26.41
05-01-2012,25.91
06-01-2012,25.46
09-01-2012,25.68
10-01-2012,24.00
11-01-2012,24.54
12-01-2012,24.03
13-01-2012,23.48
16-01-2012,24.07
17-01-2012,22.61
18-01-2012,22.68
19-01-2012,21.68
20-01-2012,21.96
23-01-2012,22.14
24-01-2012,21.42
25-01-2012,21.02
26-01-2012,21.02
27-01-2012,21.70
30-01-2012,23.46
31-01-2012,22.66
01-02-2012,22.89
02-02-2012,23.69
03-02-2012,24.09
06-02-2012,24.62
07-02-2012,24.91
08-02-2012,24.27
09-02-2012,23.30
10-02-2012,23.83
13-02-2012,23.71
14-02-2012,22.71
15-02-2012,22.10
16-02-2012,23.33
17-02-2012,24.18
20-02-2012,24.18
21-02-2012,26.25
22-02-2012,26.80
23-02-2012,24.33
24-02-2012,24.82
27-02-2012,27.38
28-02-2012,25.85
29-02-2012,26.93
01-03-2012,27.67
02-03-2012,27.84
05-03-2012,28.92
06-03-2012,27.34
07-03-2012,26.33
08-03-2012,26.33
09-03-2012,25.47
12-03-2012,26.27
13-03-2012,24.75
14-03-2012,24.72
15-03-2012,25.42
16-03-2012,23.13
19-03-2012,22.97
20-03-2012,21.94
21-03-2012,21.00
22-03-2012,24.77
23-03-2012,23.34
26-03-2012,26.74
27-03-2012,25.05
28-03-2012,24.87
29-03-2012,24.33
30-03-2012,22.38
02-04-2012,20.88
03-04-2012,20.01
04-04-2012,20.63
05-04-2012,20.63
06-04-2012,20.63
09-04-2012,22.33
10-04-2012,21.92
11-04-2012,22.29
12-04-2012,21.78
13-04-2012,22.75
16-04-2012,22.23
17-04-2012,20.31
18-04-2012,20.03
19-04-2012,19.35
20-04-2012,20.09
23-04-2012,21.57
24-04-2012,19.25
25-04-2012,18.94
26-04-2012,18.74
27-04-2012,17.89
30-04-2012,17.82
01-05-2012,17.82
02-05-2012,18.54
03-05-2012,19.25
04-05-2012,21.12
07-05-2012,20.22
08-05-2012,22.16
09-05-2012,23.04
10-05-2012,22.72
11-05-2012,22.48
14-05-2012,23.26
15-05-2012,22.28
16-05-2012,23.71
17-05-2012,23.59
18-05-2012,23.55
21-05-2012,23.92
22-05-2012,24.39
23-05-2012,27.13
24-05-2012,25.49
25-05-2012,25.14
28-05-2012,23.68
29-05-2012,24.03
30-05-2012,25.30
31-05-2012,25.25
01-06-2012,26.77
04-06-2012,25.60
05-06-2012,26.26
06-06-2012,24.90
07-06-2012,23.64
08-06-2012,23.47
11-06-2012,25.02
12-06-2012,24.20
13-06-2012,24.36
14-06-2012,25.71
15-06-2012,25.54
18-06-2012,22.60
19-06-2012,21.43
20-06-2012,21.03
21-06-2012,19.94
22-06-2012,20.58
25-06-2012,21.57
26-06-2012,20.23
27-06-2012,20.37
28-06-2012,20.62
29-06-2012,19.08
02-07-2012,19.01
03-07-2012,18.56
04-07-2012,18.27
05-07-2012,18.35
06-07-2012,18.04
09-07-2012,18.72
10-07-2012,17.83
11-07-2012,18.39
12-07-2012,18.71
13-07-2012,18.26
16-07-2012,18.77
17-07-2012,17.78
18-07-2012,17.44
19-07-2012,16.38
20-07-2012,16.89
23-07-2012,18.66
24-07-2012,16.97
25-07-2012,16.75
26-07-2012,16.37
27-07-2012,16.44
30-07-2012,16.60
31-07-2012,16.01
01-08-2012,16.45
02-08-2012,16.77
03-08-2012,16.12
06-08-2012,16.22
07-08-2012,16.21
08-08-2012,16.37
09-08-2012,16.33
10-08-2012,16.07
13-08-2012,16.01
14-08-2012,15.64
15-08-2012,15.64
16-08-2012,15.69
17-08-2012,15.73
20-08-2012,15.73
21-08-2012,16.30
22-08-2012,16.00
23-08-2012,16.12
24-08-2012,16.16
27-08-2012,16.47
28-08-2012,16.35
29-08-2012,16.74
30-08-2012,16.67
31-08-2012,17.30
03-09-2012,17.28
04-09-2012,16.59
05-09-2012,17.01
06-09-2012,16.98
07-09-2012,15.26
10-09-2012,15.27
11-09-2012,15.38
12-09-2012,15.04
13-09-2012,15.67
14-09-2012,15.38
17-09-2012,17.78
18-09-2012,17.83
19-09-2012,17.83
20-09-2012,18.62
21-09-2012,18.93
24-09-2012,18.83
25-09-2012,17.11
26-09-2012,16.97
27-09-2012,16.91
28-09-2012,16.16
01-10-2012,16.34
02-10-2012,16.34
03-10-2012,16.50
04-10-2012,16.44
05-10-2012,16.78
08-10-2012,17.17
09-10-2012,16.80
10-10-2012,16.83
11-10-2012,16.49
12-10-2012,16.49
15-10-2012,15.90
16-10-2012,15.57
17-10-2012,15.17
18-10-2012,14.76
19-10-2012,14.54
22-10-2012,13.04
23-10-2012,13.71
24-10-2012,13.71
25-10-2012,13.52
26-10-2012,14.21
29-10-2012,15.12
30-10-2012,15.17
31-10-2012,14.40
01-11-2012,14.08
02-11-2012,13.66
05-11-2012,14.63
06-11-2012,15.21
07-11-2012,14.51
08-11-2012,14.22
09-11-2012,14.37
12-11-2012,14.86
13-11-2012,14.91
14-11-2012,14.91
15-11-2012,15.53
16-11-2012,16.22
19-11-2012,16.68
20-11-2012,15.81
21-11-2012,15.46
22-11-2012,14.91
23-11-2012,14.68
26-11-2012,14.67
27-11-2012,13.96
28-11-2012,13.96
29-11-2012,15.37
30-11-2012,15.15
03-12-2012,15.62
04-12-2012,15.91
05-12-2012,16.62
06-12-2012,15.24
07-12-2012,14.96
10-12-2012,14.51
11-12-2012,14.67
12-12-2012,14.51
13-12-2012,14.71
14-12-2012,14.23
17-12-2012,14.92
18-12-2012,14.44
19-12-2012,14.47
20-12-2012,14.32
21-12-2012,14.63
24-12-2012,14.49
25-12-2012,14.49
26-12-2012,14.10
27-12-2012,13.74
28-12-2012,13.63
31-12-2012,14.95
01-01-2013,13.69
02-01-2013,13.71
03-01-2013,13.47
04-01-2013,13.37
07-01-2013,13.92
08-01-2013,13.27
09-01-2013,13.32
10-01-2013,13.27
11-01-2013,13.23
14-01-2013,13.70
15-01-2013,13.58
16-01-2013,13.99
17-01-2013,14.01
18-01-2013,13.89
21-01-2013,13.66
22-01-2013,13.89
23-01-2013,13.67
24-01-2013,14.46
25-01-2013,14.77
28-01-2013,15.17
29-01-2013,14.47
30-01-2013,14.38
31-01-2013,14.13
01-02-2013,13.76
04-02-2013,14.34
05-02-2013,14.61
06-02-2013,14.26
07-02-2013,14.89
08-02-2013,15.16
11-02-2013,15.65
12-02-2013,15.31
13-02-2013,15.14
14-02-2013,15.09
15-02-2013,15.24
18-02-2013,16.29
19-02-2013,15.81
20-02-2013,15.60
21-02-2013,16.94
22-02-2013,16.79
25-02-2013,16.73
26-02-2013,17.36
27-02-2013,16.23
28-02-2013,14.86
01-03-2013,14.06
04-03-2013,13.67
05-03-2013,13.39
06-03-2013,13.40
07-03-2013,13.07
08-03-2013,13.34
11-03-2013,14.25
12-03-2013,15.13
13-03-2013,16.20
14-03-2013,14.66
15-03-2013,15.16
18-03-2013,15.85
19-03-2013,16.71
20-03-2013,16.66
21-03-2013,16.51
22-03-2013,15.54
25-03-2013,16.36
26-03-2013,15.80
27-03-2013,15.80
28-03-2013,15.22
29-03-2013,15.22
01-04-2013,14.85
02-04-2013,14.10
03-04-2013,14.87
04-04-2013,15.85
05-04-2013,16.16
08-04-2013,16.77
09-04-2013,16.82
10-04-2013,16.49
11-04-2013,16.97
12-04-2013,16.45
15-04-2013,16.61
16-04-2013,16.25
17-04-2013,16.36
18-04-2013,15.36
19-04-2013,15.36
22-04-2013,16.22
23-04-2013,15.07
24-04-2013,15.07
25-04-2013,14.20
26-04-2013,13.88
29-04-2013,14.33
30-04-2013,15.10
01-05-2013,15.10
02-05-2013,16.28
03-05-2013,15.55
06-05-2013,15.84
07-05-2013,16.50
08-05-2013,16.76
09-05-2013,16.60
10-05-2013,16.86
13-05-2013,17.51
14-05-2013,17.17
15-05-2013,18.13
16-05-2013,17.74
17-05-2013,17.57
20-05-2013,17.71
21-05-2013,17.88
22-05-2013,17.72
23-05-2013,18.73
24-05-2013,17.70
27-05-2013,17.03
28-05-2013,17.12
29-05-2013,17.86
30-05-2013,16.04
31-05-2013,16.99
03-06-2013,17.29
04-06-2013,17.26
05-06-2013,16.78
06-06-2013,17.35
07-06-2013,17.35
10-06-2013,18.11
11-06-2013,19.49
12-06-2013,18.85
13-06-2013,19.44
14-06-2013,18.35
17-06-2013,18.18
18-06-2013,18.29
19-06-2013,18.46
20-06-2013,19.19
21-06-2013,19.03
24-06-2013,21.01
25-06-2013,21.14
26-06-2013,21.07
27-06-2013,18.85
28-06-2013,17.95
01-07-2013,18.09
02-07-2013,18.21
03-07-2013,18.91
04-07-2013,18.58
05-07-2013,18.67
08-07-2013,19.34
09-07-2013,19.32
10-07-2013,19.98
11-07-2013,18.89
12-07-2013,18.69
15-07-2013,18.79
16-07-2013,18.99
17-07-2013,19.36
18-07-2013,18.27
19-07-2013,18.13
22-07-2013,17.63
23-07-2013,16.72
24-07-2013,16.91
25-07-2013,16.72
26-07-2013,16.78
29-07-2013,18.25
30-07-2013,18.12
31-07-2013,18.77
01-08-2013,19.81
02-08-2013,20.89
05-08-2013,20.80
06-08-2013,22.73
07-08-2013,22.04
08-08-2013,21.19
09-08-2013,21.19
12-08-2013,21.28
13-08-2013,19.26
14-08-2013,18.70
15-08-2013,18.70
16-08-2013,23.64
19-08-2013,25.59
20-08-2013,27.23
21-08-2013,28.09
22-08-2013,29.06
23-08-2013,25.75
26-08-2013,26.38
27-08-2013,29.42
28-08-2013,32.38
29-08-2013,29.41
30-08-2013,27.81
02-09-2013,27.55
03-09-2013,32.49
04-09-2013,31.11
05-09-2013,28.53
06-09-2013,28.65
09-09-2013,28.65
10-09-2013,29.44
11-09-2013,29.75
12-09-2013,29.71
13-09-2013,28.29
16-09-2013,28.82
17-09-2013,27.93
18-09-2013,27.69
19-09-2013,24.50
20-09-2013,24.73
23-09-2013,27.02
24-09-2013,26.72
25-09-2013,25.68
26-09-2013,24.00
27-09-2013,24.06
30-09-2013,26.65
01-10-2013,25.77
02-10-2013,25.77
03-10-2013,25.17
04-10-2013,26.13
07-10-2013,26.83
08-10-2013,26.55
09-10-2013,25.87
10-10-2013,25.88
11-10-2013,23.59
14-10-2013,22.85
15-10-2013,23.24
16-10-2013,23.24
17-10-2013,21.06
18-10-2013,20.12
21-10-2013,20.18
22-10-2013,19.96
23-10-2013,20.35
24-10-2013,20.64
25-10-2013,20.42
28-10-2013,21.29
29-10-2013,19.76
30-10-2013,19.53
31-10-2013,18.39
01-11-2013,18.64
04-11-2013,19.49
05-11-2013,19.94
06-11-2013,20.25
07-11-2013,19.87
08-11-2013,19.64
11-11-2013,19.98
12-11-2013,20.86
13-11-2013,20.45
14-11-2013,19.26
15-11-2013,19.26
18-11-2013,18.82
19-11-2013,19.30
20-11-2013,20.83
21-11-2013,21.14
22-11-2013,20.04
25-11-2013,21.05
26-11-2013,21.59
27-11-2013,21.14
28-11-2013,20.71
29-11-2013,21.38
02-12-2013,23.36
03-12-2013,24.72
04-12-2013,23.71
05-12-2013,21.68
06-12-2013,22.21
09-12-2013,19.16
10-12-2013,17.98
11-12-2013,17.54
12-12-2013,17.74
13-12-2013,17.84
16-12-2013,18.36
17-12-2013,18.33
18-12-2013,17.54
19-12-2013,16.58
20-12-2013,16.02
23-12-2013,16.26
24-12-2013,15.58
25-12-2013,15.58
26-12-2013,14.88
27-12-2013,14.66
30-12-2013,15.08
31-12-2013,15.12
01-01-2014,15.58
02-01-2014,16.55
03-01-2014,15.87
06-01-2014,16.50
07-01-2014,16.32
08-01-2014,16.32
09-01-2014,16.18
10-01-2014,15.58
13-01-2014,15.95
14-01-2014,15.74
15-01-2014,15.42
16-01-2014,15.54
17-01-2014,15.41
20-01-2014,15.35
21-01-2014,15.55
22-01-2014,15.85
23-01-2014,15.58
24-01-2014,15.83
27-01-2014,18.67
28-01-2014,17.72
29-01-2014,18.04
30-01-2014,17.25
31-01-2014,16.82
03-02-2014,18.27
04-02-2014,18.69
05-02-2014,18.93
06-02-2014,18.94
07-02-2014,18.55
10-02-2014,19.05
11-02-2014,18.63
12-02-2014,17.43
13-02-2014,17.80
14-02-2014,16.66
17-02-2014,15.83
18-02-2014,15.41
19-02-2014,15.07
20-02-2014,15.16
21-02-2014,14.04
24-02-2014,14.36
25-02-2014,13.95
26-02-2014,13.96
27-02-2014,13.96
28-02-2014,14.18
03-03-2014,15.28
04-03-2014,14.39
05-03-2014,13.84
06-03-2014,14.48
07-03-2014,16.72
10-03-2014,17.78
11-03-2014,17.33
12-03-2014,17.04
13-03-2014,16.82
14-03-2014,16.45
17-03-2014,16.45
18-03-2014,17.13
19-03-2014,16.88
20-03-2014,16.91
21-03-2014,16.19
24-03-2014,16.54
25-03-2014,16.92
26-03-2014,17.77
27-03-2014,18.37
28-03-2014,18.63
31-03-2014,21.62
01-04-2014,20.69
02-04-2014,21.21
03-04-2014,22.11
04-04-2014,22.69
07-04-2014,24.95
08-04-2014,24.95
09-04-2014,26.91
10-04-2014,28.72
11-04-2014,29.19
14-04-2014,29.19
15-04-2014,31.88
16-04-2014,31.16
17-04-2014,30.85
18-04-2014,30.85
21-04-2014,34.39
22-04-2014,33.36
23-04-2014,31.13
24-04-2014,31.13
25-04-2014,30.68
28-04-2014,31.39
29-04-2014,31.05
30-04-2014,30.59
01-05-2014,30.59
02-05-2014,33.06
05-05-2014,34.19
06-05-2014,33.27
07-05-2014,33.61
08-05-2014,34.30
09-05-2014,37.71
12-05-2014,37.11
13-05-2014,32.05
14-05-2014,32.42
15-05-2014,36.77
16-05-2014,24.29
19-05-2014,20.63
20-05-2014,19.23
21-05-2014,17.91
22-05-2014,17.84
23-05-2014,17.71
26-05-2014,19.84
27-05-2014,19.10
28-05-2014,17.56
29-05-2014,16.69
30-05-2014,16.34
02-06-2014,16.50
03-06-2014,15.80
04-06-2014,15.57
05-06-2014,15.45
06-06-2014,15.98
09-06-2014,17.10
10-06-2014,16.66
11-06-2014,17.06
12-06-2014,16.90
13-06-2014,17.76
16-06-2014,17.98
17-06-2014,17.70
18-06-2014,18.58
19-06-2014,18.74
20-06-2014,18.85
23-06-2014,18.96
24-06-2014,19.19
25-06-2014,18.31
26-06-2014,17.70
27-06-2014,17.63
30-06-2014,17.87
01-07-2014,17.66
02-07-2014,17.57
03-07-2014,17.81
04-07-2014,18.16
07-07-2014,19.41
08-07-2014,19.18
09-07-2014,18.19
10-07-2014,15.97
11-07-2014,15.72
14-07-2014,15.56
15-07-2014,14.77
16-07-2014,14.73
17-07-2014,14.97
18-07-2014,15.10
21-07-2014,14.90
22-07-2014,14.64
23-07-2014,14.69
24-07-2014,14.72
25-07-2014,14.22
28-07-2014,14.32
29-07-2014,14.32
30-07-2014,13.89
31-07-2014,13.82
01-08-2014,15.22
04-08-2014,14.82
05-08-2014,13.95
06-08-2014,14.30
07-08-2014,14.14
08-08-2014,14.62
11-08-2014,14.00
12-08-2014,13.47
13-08-2014,13.76
14-08-2014,13.22
15-08-2014,13.22
18-08-2014,13.50
19-08-2014,13.91
20-08-2014,13.66
21-08-2014,13.73
22-08-2014,13.62
25-08-2014,13.79
26-08-2014,13.90
27-08-2014,13.06
28-08-2014,13.07
29-08-2014,13.07
01-09-2014,13.53
02-09-2014,13.45
03-09-2014,13.39
04-09-2014,13.08
05-09-2014,12.94
08-09-2014,12.79
09-09-2014,12.76
10-09-2014,12.93
11-09-2014,12.52
12-09-2014,12.37
15-09-2014,13.26
16-09-2014,13.28
17-09-2014,12.95
18-09-2014,12.33
19-09-2014,11.89
22-09-2014,11.57
23-09-2014,12.41
24-09-2014,12.54
25-09-2014,13.30
26-09-2014,12.93
29-09-2014,13.39
30-09-2014,13.15
01-10-2014,13.00
02-10-2014,13.00
03-10-2014,13.00
06-10-2014,13.00
07-10-2014,14.46
08-10-2014,14.11
09-10-2014,13.16
10-10-2014,14.33
13-10-2014,14.50
14-10-2014,14.59
15-10-2014,14.59
16-10-2014,16.43
17-10-2014,16.40
20-10-2014,14.19
21-10-2014,13.33
22-10-2014,13.03
23-10-2014,12.86
24-10-2014,12.86
27-10-2014,13.52
28-10-2014,13.32
29-10-2014,13.01
30-10-2014,13.27
31-10-2014,13.30
03-11-2014,13.74
04-11-2014,13.74
05-11-2014,13.76
06-11-2014,13.76
07-11-2014,14.11
10-11-2014,13.93
11-11-2014,14.80
12-11-2014,14.44
13-11-2014,13.80
14-11-2014,13.97
17-11-2014,14.41
18-11-2014,14.07
19-11-2014,14.35
20-11-2014,14.17
21-11-2014,13.85
24-11-2014,13.02
25-11-2014,13.53
26-11-2014,12.99
27-11-2014,12.74
28-11-2014,12.90
01-12-2014,13.20
02-12-2014,12.40
03-12-2014,12.37
04-12-2014,12.45
05-12-2014,11.95
08-12-2014,12.21
09-12-2014,12.50
10-12-2014,12.24
11-12-2014,12.77
12-12-2014,13.75
15-12-2014,14.02
16-12-2014,16.31
17-12-2014,16.93
18-12-2014,14.60
19-12-2014,14.51
22-12-2014,14.21
23-12-2014,15.30
24-12-2014,15.07
25-12-2014,15.07
26-12-2014,14.65
29-12-2014,14.58
30-12-2014,14.86
31-12-2014,15.12
01-01-2015,15.03
02-01-2015,13.80
05-01-2015,14.15
06-01-2015,17.42
07-01-2015,18.14
08-01-2015,16.47
09-01-2015,15.96
12-01-2015,16.11
13-01-2015,16.48
14-01-2015,17.25
15-01-2015,16.16
16-01-2015,17.28
19-01-2015,17.65
20-01-2015,17.27
21-01-2015,17.71
22-01-2015,18.57
23-01-2015,17.89
26-01-2015,17.89
27-01-2015,18.09
28-01-2015,19.77
29-01-2015,19.43
30-01-2015,20.17
02-02-2015,20.41
03-02-2015,19.81
04-02-2015,20.05
05-02-2015,20.62
06-02-2015,20.69
09-02-2015,22.02
10-02-2015,21.19
11-02-2015,20.50
12-02-2015,20.16
13-02-2015,20.10
16-02-2015,20.83
17-02-2015,20.83
18-02-2015,20.91
19-02-2015,20.40
20-02-2015,21.27
23-02-2015,21.63
24-02-2015,21.55
25-02-2015,20.78
26-02-2015,20.58
27-02-2015,19.57
02-03-2015,15.85
03-03-2015,15.49
04-03-2015,15.20
05-03-2015,14.44
06-03-2015,14.44
09-03-2015,15.81
10-03-2015,15.53
11-03-2015,15.13
12-03-2015,14.75
13-03-2015,14.97
16-03-2015,15.18
17-03-2015,15.13
18-03-2015,15.51
19-03-2015,15.20
20-03-2015,14.26
23-03-2015,14.27
24-03-2015,13.67
25-03-2015,13.14
26-03-2015,15.16
27-03-2015,14.50
30-03-2015,14.26
31-03-2015,14.49
01-04-2015,13.67
02-04-2015,13.67
03-04-2015,13.67
06-04-2015,14.57
07-04-2015,14.25
08-04-2015,14.35
09-04-2015,14.42
10-04-2015,14.26
13-04-2015,14.49
14-04-2015,14.49
15-04-2015,14.62
16-04-2015,14.95
17-04-2015,15.04
20-04-2015,16.30
21-04-2015,17.03
22-04-2015,17.21
23-04-2015,18.50
24-04-2015,19.11
27-04-2015,18.74
28-04-2015,17.41
29-04-2015,17.24
30-04-2015,17.23
01-05-2015,17.23
04-05-2015,17.31
05-05-2015,17.37
06-05-2015,19.67
07-05-2015,19.65
08-05-2015,19.11
11-05-2015,18.63
12-05-2015,20.55
13-05-2015,20.69
14-05-2015,20.70
15-05-2015,19.82
18-05-2015,17.90
19-05-2015,18.27
20-05-2015,17.72
21-05-2015,17.41
22-05-2015,16.95
25-05-2015,16.93
26-05-2015,17.07
27-05-2015,17.28
28-05-2015,17.13
29-05-2015,16.66
01-06-2015,16.91
02-06-2015,16.82
03-06-2015,17.51
04-06-2015,18.12
05-06-2015,18.09
08-06-2015,18.89
09-06-2015,18.01
10-06-2015,17.08
11-06-2015,17.81
12-06-2015,17.48
15-06-2015,17.53
16-06-2015,17.17
17-06-2015,16.73
18-06-2015,16.02
19-06-2015,15.09
22-06-2015,15.49
23-06-2015,15.04
24-06-2015,15.92
25-06-2015,15.93
26-06-2015,15.76
29-06-2015,17.30
30-06-2015,16.93
01-07-2015,15.85
02-07-2015,15.56
03-07-2015,16.31
06-07-2015,16.02
07-07-2015,16.31
08-07-2015,17.79
09-07-2015,17.44
10-07-2015,17.07
13-07-2015,16.27
14-07-2015,16.01
15-07-2015,15.57
16-07-2015,14.78
17-07-2015,14.80
20-07-2015,14.96
21-07-2015,15.10
22-07-2015,15.13
23-07-2015,15.52
24-07-2015,15.46
27-07-2015,16.37
28-07-2015,15.92
29-07-2015,15.88
30-07-2015,15.33
31-07-2015,14.57
03-08-2015,15.39
04-08-2015,14.83
05-08-2015,14.67
06-08-2015,14.73
07-08-2015,14.91
10-08-2015,15.47
11-08-2015,15.89
12-08-2015,17.45
13-08-2015,17.02
14-08-2015,16.02
17-08-2015,16.46
18-08-2015,16.36
19-08-2015,16.68
20-08-2015,16.98
21-08-2015,17.12
24-08-2015,28.13
25-08-2015,26.85
26-08-2015,25.52
27-08-2015,22.04
28-08-2015,23.33
31-08-2015,24.60
01-09-2015,28.72
02-09-2015,26.65
03-09-2015,24.12
04-09-2015,26.42
07-09-2015,26.35
08-09-2015,24.57
09-09-2015,24.30
10-09-2015,24.75
11-09-2015,24.98
14-09-2015,24.32
15-09-2015,23.74
16-09-2015,22.00
17-09-2015,22.00
18-09-2015,18.29
21-09-2015,18.18
22-09-2015,20.35
23-09-2015,20.69
24-09-2015,20.88
25-09-2015,20.88
28-09-2015,21.67
29-09-2015,21.57
30-09-2015,19.63
01-10-2015,19.24
02-10-2015,19.24
05-10-2015,19.13
06-10-2015,19.31
07-10-2015,19.34
08-10-2015,19.56
09-10-2015,18.93
12-10-2015,19.12
13-10-2015,18.02
14-10-2015,17.72
15-10-2015,17.17
16-10-2015,16.28
19-10-2015,16.88
20-10-2015,17.00
21-10-2015,16.62
22-10-2015,16.62
23-10-2015,16.19
26-10-2015,17.23
27-10-2015,16.54
28-10-2015,17.04
29-10-2015,17.58
30-10-2015,17.88
02-11-2015,19.48
03-11-2015,19.56
04-11-2015,19.36
05-11-2015,19.29
06-11-2015,19.47
09-11-2015,17.04
10-11-2015,16.83
11-11-2015,16.91
12-11-2015,16.91
13-11-2015,17.65
16-11-2015,17.88
17-11-2015,16.97
18-11-2015,17.42
19-11-2015,15.84
20-11-2015,15.90
23-11-2015,17.08
24-11-2015,16.25
25-11-2015,16.25
26-11-2015,16.69
27-11-2015,16.73
30-11-2015,16.43
01-12-2015,15.64
02-12-2015,15.49
03-12-2015,16.06
04-12-2015,16.09
07-12-2015,15.87
08-12-2015,15.97
09-12-2015,16.73
10-12-2015,16.29
11-12-2015,17.18
14-12-2015,17.80
15-12-2015,17.34
16-12-2015,16.73
17-12-2015,14.22
18-12-2015,14.49
21-12-2015,14.23
22-12-2015,14.48
23-12-2015,13.65
24-12-2015,13.75
25-12-2015,13.75
28-12-2015,14.40
29-12-2015,14.24
30-12-2015,14.35
31-12-2015,13.87
01-01-2016,14.26
04-01-2016,16.84
05-01-2016,16.70
06-01-2016,16.55
07-01-2016,18.96
08-01-2016,17.80
11-01-2016,18.69
12-01-2016,18.71
13-01-2016,18.35
14-01-2016,18.61
15-01-2016,19.42
18-01-2016,20.23
19-01-2016,18.43
20-01-2016,20.97
21-01-2016,20.81
22-01-2016,18.82
25-01-2016,18.27
26-01-2016,18.27
27-01-2016,19.06
28-01-2016,17.90
29-01-2016,17.24
01-02-2016,17.89
02-02-2016,18.04
03-02-2016,18.59
04-02-2016,18.21
05-02-2016,18.12
08-02-2016,20.26
09-02-2016,21.73
10-02-2016,22.47
11-02-2016,25.97
12-02-2016,24.67
15-02-2016,22.38
16-02-2016,23.04
17-02-2016,21.83
18-02-2016,21.49
19-02-2016,20.92
22-02-2016,21.02
23-02-2016,23.84
24-02-2016,22.96
25-02-2016,22.75
26-02-2016,21.87
29-02-2016,20.16
01-03-2016,18.67
02-03-2016,18.99
03-03-2016,18.04
04-03-2016,17.88
07-03-2016,17.88
08-03-2016,18.47
09-03-2016,17.51
10-03-2016,17.90
11-03-2016,17.10
14-03-2016,17.10
15-03-2016,17.60
16-03-2016,17.12
17-03-2016,16.84
18-03-2016,16.38
21-03-2016,16.33
22-03-2016,16.43
23-03-2016,16.35
24-03-2016,16.35
25-03-2016,16.35
28-03-2016,17.49
29-03-2016,17.64
30-03-2016,16.81
31-03-2016,16.58
01-04-2016,17.28
04-04-2016,17.45
05-04-2016,17.83
06-04-2016,17.35
07-04-2016,16.94
08-04-2016,16.43
11-04-2016,16.01
12-04-2016,16.03
13-04-2016,16.04
14-04-2016,16.04
15-04-2016,16.04
18-04-2016,16.95
19-04-2016,16.95
20-04-2016,17.08
21-04-2016,16.51
22-04-2016,16.38
25-04-2016,16.57
26-04-2016,16.58
27-04-2016,16.35
28-04-2016,16.60
29-04-2016,16.54
02-05-2016,17.09
03-05-2016,17.46
04-05-2016,17.45
05-05-2016,17.17
06-05-2016,16.95
09-05-2016,16.61
10-05-2016,16.42
11-05-2016,16.96
12-05-2016,16.33
13-05-2016,17.00
16-05-2016,17.03
17-05-2016,16.37
18-05-2016,16.46
19-05-2016,17.06
20-05-2016,16.43
23-05-2016,16.16
24-05-2016,16.22
25-05-2016,15.52
26-05-2016,15.33
27-05-2016,15.26
30-05-2016,15.98
31-05-2016,16.05
01-06-2016,15.84
02-06-2016,15.09
03-06-2016,15.00
06-06-2016,15.36
07-06-2016,14.87
08-06-2016,15.14
09-06-2016,15.67
10-06-2016,15.97
13-06-2016,16.58
14-06-2016,17.19
15-06-2016,17.06
16-06-2016,17.70
17-06-2016,17.35
20-06-2016,17.52
21-06-2016,17.26
22-06-2016,18.19
23-06-2016,18.02
24-06-2016,18.63
27-06-2016,18.53
28-06-2016,17.73
29-06-2016,16.16
30-06-2016,16.29
01-07-2016,15.74
04-07-2016,15.58
05-07-2016,15.36
06-07-2016,15.36
07-07-2016,15.31
08-07-2016,15.08
11-07-2016,14.85
12-07-2016,14.78
13-07-2016,15.33
14-07-2016,15.61
15-07-2016,15.64
18-07-2016,15.99
19-07-2016,15.80
20-07-2016,15.99
21-07-2016,15.71
22-07-2016,15.50
25-07-2016,15.72
26-07-2016,15.62
27-07-2016,15.43
28-07-2016,15.15
29-07-2016,14.92
01-08-2016,15.18
02-08-2016,15.69
03-08-2016,16.24
04-08-2016,15.14
05-08-2016,14.35
08-08-2016,14.59
09-08-2016,14.54
10-08-2016,14.92
11-08-2016,14.21
12-08-2016,13.77
15-08-2016,13.77
16-08-2016,14.18
17-08-2016,14.78
18-08-2016,14.55
19-08-2016,14.54
22-08-2016,14.24
23-08-2016,13.90
24-08-2016,13.49
25-08-2016,13.29
26-08-2016,13.57
29-08-2016,13.17
30-08-2016,13.02
31-08-2016,13.24
01-09-2016,13.34
02-09-2016,12.94
05-09-2016,12.94
06-09-2016,12.75
07-09-2016,13.15
08-09-2016,13.12
09-09-2016,13.23
12-09-2016,15.24
13-09-2016,15.24
14-09-2016,14.76
15-09-2016,14.68
16-09-2016,14.58
19-09-2016,14.94
20-09-2016,14.78
21-09-2016,14.81
22-09-2016,13.34
23-09-2016,13.25
26-09-2016,14.57
27-09-2016,14.25
28-09-2016,13.85
29-09-2016,18.45
30-09-2016,17.18
03-10-2016,15.62
04-10-2016,14.99
05-10-2016,14.93
06-10-2016,14.84
07-10-2016,14.49
10-10-2016,14.29
11-10-2016,14.29
12-10-2016,14.29
13-10-2016,15.43
14-10-2016,14.89
17-10-2016,15.66
18-10-2016,14.54
19-10-2016,14.61
20-10-2016,14.17
21-10-2016,13.83
24-10-2016,14.33
25-10-2016,14.48
26-10-2016,14.45
27-10-2016,14.09
28-10-2016,14.65
31-10-2016,15.49
01-11-2016,15.74
02-11-2016,16.80
03-11-2016,16.47
04-11-2016,16.85
07-11-2016,16.51
08-11-2016,16.77
09-11-2016,16.62
10-11-2016,15.46
11-11-2016,17.37
14-11-2016,17.37
15-11-2016,20.15
16-11-2016,19.50
17-11-2016,18.71
18-11-2016,17.81
21-11-2016,19.10
22-11-2016,18.47
23-11-2016,18.04
24-11-2016,17.16
25-11-2016,17.61
28-11-2016,18.06
29-11-2016,17.71
30-11-2016,16.85
01-12-2016,16.69
02-12-2016,17.93
05-12-2016,17.29
06-12-2016,17.11
07-12-2016,16.85
08-12-2016,15.53
09-12-2016,15.07
12-12-2016,16.19
13-12-2016,15.92
14-12-2016,16.59
15-12-2016,15.66
16-12-2016,15.25
19-12-2016,14.84
20-12-2016,14.54
21-12-2016,14.71
22-12-2016,15.55
23-12-2016,15.13
26-12-2016,16.60
27-12-2016,15.08
28-12-2016,15.54
29-12-2016,15.28
30-12-2016,15.47
02-01-2017,15.83
03-01-2017,15.96
04-01-2017,15.89
05-01-2017,15.05
06-01-2017,14.91
09-01-2017,15.48
10-01-2017,15.20
11-01-2017,14.81
12-01-2017,14.61
13-01-2017,14.38
16-01-2017,15.07
17-01-2017,15.39
18-01-2017,15.18
19-01-2017,15.02
20-01-2017,15.79
23-01-2017,15.91
24-01-2017,15.29
25-01-2017,15.17
26-01-2017,15.17
27-01-2017,16.01
30-01-2017,16.67
31-01-2017,16.83
01-02-2017,13.97
02-02-2017,13.52
03-02-2017,13.13
06-02-2017,13.40
07-02-2017,13.51
08-02-2017,13.35
09-02-2017,13.24
10-02-2017,13.18
13-02-2017,13.69
14-02-2017,13.80
15-02-2017,14.21
16-02-2017,13.73
17-02-2017,13.43
20-02-2017,13.61
21-02-2017,13.53
22-02-2017,13.70
23-02-2017,13.40
24-02-2017,13.40
27-02-2017,13.68
28-02-2017,13.79
01-03-2017,13.58
02-03-2017,13.36
03-03-2017,13.35
06-03-2017,13.64
07-03-2017,13.88
08-03-2017,14.08
09-03-2017,14.39
10-03-2017,13.96
13-03-2017,13.96
14-03-2017,12.40
15-03-2017,12.42
16-03-2017,11.91
17-03-2017,11.85
20-03-2017,12.02
21-03-2017,11.94
22-03-2017,12.27
23-03-2017,11.84
24-03-2017,11.98
27-03-2017,12.44
28-03-2017,12.12
29-03-2017,12.09
30-03-2017,12.15
31-03-2017,12.42
03-04-2017,11.49
04-04-2017,11.49
05-04-2017,11.55
06-04-2017,11.29
07-04-2017,11.69
10-04-2017,11.62
11-04-2017,11.40
12-04-2017,11.63
13-04-2017,11.58
14-04-2017,11.58
17-04-2017,11.89
18-04-2017,12.38
19-04-2017,12.22
20-04-2017,11.56
21-04-2017,11.42
24-04-2017,11.63
25-04-2017,11.16
26-04-2017,11.74
27-04-2017,11.07
28-04-2017,10.86
01-05-2017,10.86
02-05-2017,11.45
03-05-2017,11.53
04-05-2017,11.33
05-05-2017,11.99
08-05-2017,11.67
09-05-2017,11.11
10-05-2017,10.95
11-05-2017,10.84
12-05-2017,10.63
15-05-2017,10.68
16-05-2017,10.56
17-05-2017,10.64
18-05-2017,11.79
19-05-2017,11.30
22-05-2017,11.20
23-05-2017,12.20
24-05-2017,11.83
25-05-2017,10.45
26-05-2017,10.86
29-05-2017,11.79
30-05-2017,11.77
31-05-2017,11.76
01-06-2017,11.31
02-06-2017,10.81
05-06-2017,11.02
06-06-2017,11.13
07-06-2017,10.89
08-06-2017,11.07
09-06-2017,10.86
12-06-2017,11.42
13-06-2017,11.34
14-06-2017,11.18
15-06-2017,11.33
16-06-2017,10.92
19-06-2017,10.63
20-06-2017,10.66
21-06-2017,10.92
22-06-2017,11.21
23-06-2017,11.56
26-06-2017,11.56
27-06-2017,12.51
28-06-2017,11.99
29-06-2017,11.38
30-06-2017,11.73
03-07-2017,11.20
04-07-2017,11.28
05-07-2017,11.15
06-07-2017,10.98
07-07-2017,10.87
10-07-2017,10.91
11-07-2017,10.89
12-07-2017,11.05
13-07-2017,11.25
14-07-2017,11.17
17-07-2017,11.46
18-07-2017,11.49
19-07-2017,11.26
20-07-2017,11.32
21-07-2017,11.09
24-07-2017,11.31
25-07-2017,10.91
26-07-2017,11.17
27-07-2017,11.22
28-07-2017,11.14
31-07-2017,11.90
01-08-2017,11.91
02-08-2017,11.94
03-08-2017,11.64
04-08-2017,11.39
07-08-2017,11.90
08-08-2017,12.77
09-08-2017,13.45
10-08-2017,13.80
11-08-2017,15.20
14-08-2017,14.38
15-08-2017,14.38
16-08-2017,14.24
17-08-2017,14.34
18-08-2017,14.57
21-08-2017,14.82
22-08-2017,14.11
23-08-2017,13.18
24-08-2017,12.57
25-08-2017,12.57
28-08-2017,12.64
29-08-2017,13.54
30-08-2017,12.89
31-08-2017,11.95
01-09-2017,11.68
04-09-2017,13.17
05-09-2017,12.89
06-09-2017,13.12
07-09-2017,13.01
08-09-2017,12.96
11-09-2017,12.36
12-09-2017,11.76
13-09-2017,11.76
14-09-2017,11.47
15-09-2017,11.68
18-09-2017,11.44
19-09-2017,11.47
20-09-2017,11.63
21-09-2017,11.63
22-09-2017,12.81
25-09-2017,13.34
26-09-2017,12.93
27-09-2017,13.86
28-09-2017,13.17
29-09-2017,12.49
02-10-2017,12.49
03-10-2017,12.46
04-10-2017,11.80
05-10-2017,11.71
06-10-2017,11.12
09-10-2017,11.39
10-10-2017,11.11
11-10-2017,11.73
12-10-2017,11.04
13-10-2017,11.26
16-10-2017,11.31
17-10-2017,11.61
18-10-2017,11.54
19-10-2017,12.40
20-10-2017,12.40
23-10-2017,12.33
24-10-2017,11.59
25-10-2017,11.76
26-10-2017,11.62
27-10-2017,11.48
30-10-2017,12.11
31-10-2017,12.44
01-11-2017,12.14
02-11-2017,12.01
03-11-2017,11.91
06-11-2017,13.02
07-11-2017,13.24
08-11-2017,13.61
09-11-2017,13.27
10-11-2017,13.48
13-11-2017,14.05
14-11-2017,14.17
15-11-2017,14.27
16-11-2017,13.46
17-11-2017,13.71
20-11-2017,13.43
21-11-2017,13.72
22-11-2017,14.04
23-11-2017,13.87
24-11-2017,13.51
27-11-2017,13.03
28-11-2017,13.15
29-11-2017,13.06
30-11-2017,13.55
01-12-2017,14.80
04-12-2017,14.86
05-12-2017,15.01
06-12-2017,15.09
07-12-2017,14.27
08-12-2017,13.67
11-12-2017,14.15
12-12-2017,15.26
13-12-2017,15.95
14-12-2017,16.41
15-12-2017,14.94
18-12-2017,13.12
19-12-2017,12.19
20-12-2017,12.19
21-12-2017,12.09
22-12-2017,11.59
25-12-2017,11.59
26-12-2017,12.05
27-12-2017,12.49
28-12-2017,12.30
29-12-2017,12.67
01-01-2018,13.35
02-01-2018,13.69
03-01-2018,13.62
04-01-2018,13.42
05-01-2018,13.11
08-01-2018,13.74
09-01-2018,13.85
10-01-2018,14.04
11-01-2018,14.01
12-01-2018,13.73
15-01-2018,14.31
16-01-2018,14.09
17-01-2018,13.86
18-01-2018,13.96
19-01-2018,13.98
22-01-2018,15.39
23-01-2018,16.23
24-01-2018,18.04
25-01-2018,17.51
26-01-2018,17.51
29-01-2018,17.89
30-01-2018,16.42
31-01-2018,15.93
01-02-2018,14.11
02-02-2018,15.25
05-02-2018,16.05
06-02-2018,20.02
07-02-2018,19.47
08-02-2018,17.77
09-02-2018,19.23
12-02-2018,17.88
13-02-2018,17.88
14-02-2018,17.19
15-02-2018,16.32
16-02-2018,16.38
19-02-2018,16.67
20-02-2018,16.87
21-02-2018,15.92
22-02-2018,14.83
23-02-2018,14.20
26-02-2018,13.70
27-02-2018,13.92
28-02-2018,13.81
01-03-2018,14.07
02-03-2018,14.07
05-03-2018,15.40
06-03-2018,16.25
07-03-2018,15.70
08-03-2018,14.59
09-03-2018,14.53
12-03-2018,14.49
13-03-2018,14.46
14-03-2018,14.36
15-03-2018,14.33
16-03-2018,15.22
19-03-2018,15.82
20-03-2018,15.61
21-03-2018,15.11
22-03-2018,15.25
23-03-2018,15.55
26-03-2018,15.20
27-03-2018,15.55
28-03-2018,15.76
29-03-2018,15.76
30-03-2018,15.76
02-04-2018,15.35
03-04-2018,15.19
04-04-2018,16.34
05-04-2018,14.80
06-04-2018,14.75
09-04-2018,14.87
10-04-2018,14.50
11-04-2018,14.72
12-04-2018,14.56
13-04-2018,14.14
16-04-2018,14.26
17-04-2018,14.04
18-04-2018,14.11
19-04-2018,13.75
20-04-2018,12.94
23-04-2018,13.15
24-04-2018,11.90
25-04-2018,12.40
26-04-2018,12.04
27-04-2018,12.02
30-04-2018,12.36
01-05-2018,12.36
02-05-2018,12.84
03-05-2018,12.99
04-05-2018,13.25
07-05-2018,13.76
08-05-2018,14.06
09-05-2018,14.27
10-05-2018,14.43
11-05-2018,13.98
14-05-2018,14.25
15-05-2018,13.17
16-05-2018,13.44
17-05-2018,13.41
18-05-2018,14.15
21-05-2018,14.41
22-05-2018,13.60
23-05-2018,14.16
24-05-2018,13.15
25-05-2018,12.65
28-05-2018,13.06
29-05-2018,13.07
30-05-2018,13.41
31-05-2018,13.22
01-06-2018,13.57
04-06-2018,13.88
05-06-2018,13.32
06-06-2018,12.55
07-06-2018,12.78
08-06-2018,12.70
11-06-2018,13.18
12-06-2018,12.73
13-06-2018,12.64
14-06-2018,12.10
15-06-2018,12.07
18-06-2018,12.38
19-06-2018,12.92
20-06-2018,12.17
21-06-2018,12.45
22-06-2018,12.02
25-06-2018,12.58
26-06-2018,12.80
27-06-2018,13.51
28-06-2018,13.95
29-06-2018,12.94
02-07-2018,13.37
03-07-2018,13.00
04-07-2018,12.66
05-07-2018,12.58
06-07-2018,12.44
09-07-2018,12.39
10-07-2018,12.40
11-07-2018,12.78
12-07-2018,12.51
13-07-2018,12.30
16-07-2018,12.95
17-07-2018,12.83
18-07-2018,13.68
19-07-2018,13.59
20-07-2018,13.54
23-07-2018,13.01
24-07-2018,12.47
25-07-2018,12.21
26-07-2018,12.03
27-07-2018,12.31
30-07-2018,12.59
31-07-2018,12.48
01-08-2018,12.53
02-08-2018,12.56
03-08-2018,12.08
06-08-2018,12.56
07-08-2018,12.58
08-08-2018,12.54
09-08-2018,12.68
10-08-2018,12.85
13-08-2018,13.40
14-08-2018,13.28
15-08-2018,13.28
16-08-2018,13.65
17-08-2018,13.16
20-08-2018,13.03
21-08-2018,12.90
22-08-2018,12.90
23-08-2018,12.76
24-08-2018,12.41
27-08-2018,12.24
28-08-2018,12.43
29-08-2018,12.44
30-08-2018,12.41
31-08-2018,12.60
03-09-2018,13.39
04-09-2018,13.78
05-09-2018,13.65
06-09-2018,13.72
07-09-2018,13.89
10-09-2018,15.20
11-09-2018,15.33
12-09-2018,14.25
13-09-2018,14.25
14-09-2018,13.84
17-09-2018,14.50
18-09-2018,14.42
19-09-2018,14.01
20-09-2018,14.01
21-09-2018,15.54
24-09-2018,17.43
25-09-2018,16.68
26-09-2018,17.09
27-09-2018,16.92
28-09-2018,17.00
01-10-2018,16.84
02-10-2018,16.84
03-10-2018,18.12
04-10-2018,18.92
05-10-2018,19.73
08-10-2018,20.15
09-10-2018,19.76
10-10-2018,17.91
11-10-2018,20.55
12-10-2018,18.63
15-10-2018,18.89
16-10-2018,17.37
17-10-2018,17.98
18-10-2018,17.98
19-10-2018,19.79
22-10-2018,21.36
23-10-2018,19.04
24-10-2018,18.88
25-10-2018,18.96
26-10-2018,19.23
29-10-2018,19.83
30-10-2018,20.50
31-10-2018,19.80
01-11-2018,19.19
02-11-2018,18.23
05-11-2018,19.48
06-11-2018,18.51
07-11-2018,17.88
08-11-2018,17.88
09-11-2018,17.77
12-11-2018,19.37
13-11-2018,18.70
14-11-2018,18.83
15-11-2018,18.46
16-11-2018,18.35
19-11-2018,19.26
20-11-2018,19.33
21-11-2018,19.56
22-11-2018,19.16
23-11-2018,19.16
26-11-2018,20.40
27-11-2018,18.32
28-11-2018,17.96
29-11-2018,18.70
30-11-2018,19.16
03-12-2018,18.22
04-12-2018,18.11
05-12-2018,18.39
06-12-2018,19.31
07-12-2018,18.59
10-12-2018,20.44
11-12-2018,17.95
12-12-2018,15.81
13-12-2018,15.55
14-12-2018,15.16
17-12-2018,14.54
18-12-2018,14.58
19-12-2018,14.66
20-12-2018,14.33
21-12-2018,15.99
24-12-2018,15.75
25-12-2018,15.75
26-12-2018,15.92
27-12-2018,16.07
28-12-2018,15.27
31-12-2018,16.00
01-01-2019,15.33
02-01-2019,16.39
03-01-2019,16.79
04-01-2019,16.16
07-01-2019,16.30
08-01-2019,15.70
09-01-2019,15.27
10-01-2019,15.35
11-01-2019,15.35
14-01-2019,16.16
15-01-2019,15.58
16-01-2019,16.08
17-01-2019,16.24
18-01-2019,16.62
21-01-2019,18.15
22-01-2019,17.99
23-01-2019,18.09
24-01-2019,17.44
25-01-2019,17.69
28-01-2019,18.90
29-01-2019,18.43
30-01-2019,17.85
31-01-2019,17.12
01-02-2019,15.72
04-02-2019,15.72
05-02-2019,15.78
06-02-2019,15.63
07-02-2019,15.44
08-02-2019,15.57
11-02-2019,15.84
12-02-2019,15.75
13-02-2019,15.73
14-02-2019,15.77
15-02-2019,16.46
18-02-2019,18.00
19-02-2019,18.47
20-02-2019,17.06
21-02-2019,16.05
22-02-2019,15.45
25-02-2019,15.36
26-02-2019,17.12
27-02-2019,18.90
28-02-2019,18.28
01-03-2019,16.28
04-03-2019,16.28
05-03-2019,15.66
06-03-2019,15.61
07-03-2019,15.29
08-03-2019,14.94
11-03-2019,14.90
12-03-2019,15.10
13-03-2019,15.28
14-03-2019,15.15
15-03-2019,15.87
18-03-2019,16.90
19-03-2019,16.49
20-03-2019,16.03
21-03-2019,16.03
22-03-2019,16.28
25-03-2019,16.67
26-03-2019,16.49
27-03-2019,17.05
28-03-2019,16.65
29-03-2019,17.19
01-04-2019,18.01
02-04-2019,18.08
03-04-2019,18.78
04-04-2019,18.65
05-04-2019,18.39
08-04-2019,20.15
09-04-2019,20.28
10-04-2019,21.13
11-04-2019,20.96
12-04-2019,21.00
15-04-2019,21.39
16-04-2019,21.69
17-04-2019,21.69
18-04-2019,22.74
19-04-2019,22.74
22-04-2019,24.05
23-04-2019,24.65
24-04-2019,23.71
25-04-2019,23.23
26-04-2019,21.72
29-04-2019,21.72
30-04-2019,21.83
01-05-2019,21.83
02-05-2019,22.98
03-05-2019,24.03
06-05-2019,26.43
07-05-2019,26.48
08-05-2019,26.37
09-05-2019,25.49
10-05-2019,26.34
13-05-2019,27.38
14-05-2019,27.13
15-05-2019,28.66
16-05-2019,28.37
17-05-2019,28.08
20-05-2019,23.68
21-05-2019,25.65
22-05-2019,27.63
23-05-2019,19.41
24-05-2019,16.47
27-05-2019,16.19
28-05-2019,15.92
29-05-2019,16.41
30-05-2019,15.61
31-05-2019,16.07
03-06-2019,15.97
04-06-2019,15.63
05-06-2019,15.63
06-06-2019,15.53
07-06-2019,14.86
10-06-2019,14.98
11-06-2019,14.49
12-06-2019,14.12
13-06-2019,13.66
14-06-2019,13.90
17-06-2019,14.65
18-06-2019,14.60
19-06-2019,14.73
20-06-2019,14.00
21-06-2019,14.61
24-06-2019,15.22
25-06-2019,15.01
26-06-2019,14.75
27-06-2019,14.65
28-06-2019,14.95
01-07-2019,14.60
02-07-2019,14.25
03-07-2019,13.70
04-07-2019,13.53
05-07-2019,13.07
08-07-2019,13.85
09-07-2019,13.69
10-07-2019,13.64
11-07-2019,12.47
12-07-2019,12.00
15-07-2019,12.02
16-07-2019,11.56
17-07-2019,11.80
18-07-2019,11.75
19-07-2019,12.52
22-07-2019,13.01
23-07-2019,13.43
24-07-2019,12.76
25-07-2019,12.64
26-07-2019,12.13
29-07-2019,13.06
30-07-2019,13.61
31-07-2019,13.59
01-08-2019,14.56
02-08-2019,15.19
05-08-2019,16.59
06-08-2019,16.12
07-08-2019,16.74
08-08-2019,16.09
09-08-2019,15.85
12-08-2019,15.85
13-08-2019,17.78
14-08-2019,16.36
15-08-2019,16.36
16-08-2019,16.65
19-08-2019,16.75
20-08-2019,16.63
21-08-2019,17.02
22-08-2019,17.85
23-08-2019,17.35
26-08-2019,16.66
27-08-2019,16.01
28-08-2019,16.84
29-08-2019,16.43
30-08-2019,16.28
02-09-2019,16.28
03-09-2019,18.06
04-09-2019,17.24
05-09-2019,17.27
06-09-2019,16.28
09-09-2019,15.85
10-09-2019,15.85
11-09-2019,15.37
12-09-2019,14.90
13-09-2019,14.12
16-09-2019,14.95
17-09-2019,16.02
18-09-2019,15.35
19-09-2019,15.55
20-09-2019,15.40
23-09-2019,16.79
24-09-2019,16.73
25-09-2019,16.17
26-09-2019,16.34
27-09-2019,16.12
30-09-2019,15.87
01-10-2019,16.76
02-10-2019,16.76
03-10-2019,17.70
04-10-2019,17.58
07-10-2019,17.83
08-10-2019,17.83
09-10-2019,17.16
10-10-2019,17.23
11-10-2019,17.14
14-10-2019,17.43
15-10-2019,16.85
16-10-2019,16.36
17-10-2019,15.88
18-10-2019,15.93
21-10-2019,15.93
22-10-2019,16.81
23-10-2019,16.54
24-10-2019,16.24
25-10-2019,15.32
28-10-2019,15.59
29-10-2019,16.42
30-10-2019,16.66
31-10-2019,16.28
01-11-2019,15.73
04-11-2019,15.93
05-11-2019,15.92
06-11-2019,15.78
07-11-2019,15.21
08-11-2019,15.86
11-11-2019,16.25
12-11-2019,16.25
13-11-2019,16.46
14-11-2019,15.65
15-11-2019,15.03
18-11-2019,15.76
19-11-2019,15.41
20-11-2019,15.16
21-11-2019,14.98
22-11-2019,14.87
25-11-2019,15.00
26-11-2019,14.84
27-11-2019,14.62
28-11-2019,13.99
29-11-2019,13.90
02-12-2019,14.20
03-12-2019,14.56
04-12-2019,13.32
05-12-2019,14.31
06-12-2019,13.64
09-12-2019,14.60
10-12-2019,14.29
11-12-2019,13.38
12-12-2019,13.35
13-12-2019,13.30
16-12-2019,13.42
17-12-2019,12.52
18-12-2019,12.34
19-12-2019,12.12
20-12-2019,12.33
23-12-2019,11.96
24-12-2019,11.63
25-12-2019,11.63
26-12-2019,11.12
27-12-2019,10.53
30-12-2019,11.01
31-12-2019,11.67
01-01-2020,11.60
02-01-2020,11.49
03-01-2020,12.70
06-01-2020,14.78
07-01-2020,14.61
08-01-2020,15.64
09-01-2020,14.00
10-01-2020,14.08
13-01-2020,14.28
14-01-2020,13.91
15-01-2020,14.12
16-01-2020,14.18
17-01-2020,14.13
20-01-2020,15.41
21-01-2020,15.86
22-01-2020,16.36
23-01-2020,15.86
24-01-2020,15.56
27-01-2020,17.18
28-01-2020,17.30
29-01-2020,16.50
30-01-2020,16.80
31-01-2020,17.37
03-02-2020,15.78
04-02-2020,14.38
05-02-2020,14.17
06-02-2020,13.78
07-02-2020,13.75
10-02-2020,14.21
11-02-2020,13.88
12-02-2020,13.62
13-02-2020,13.37
14-02-2020,13.62
17-02-2020,14.42
18-02-2020,14.51
19-02-2020,14.02
20-02-2020,13.70
21-02-2020,13.70
24-02-2020,17.00
25-02-2020,16.90
26-02-2020,18.26
27-02-2020,17.77
28-02-2020,23.24
02-03-2020,25.20
03-03-2020,24.54
04-03-2020,24.23
05-03-2020,23.25
06-03-2020,25.64
09-03-2020,30.80
10-03-2020,30.80
11-03-2020,31.56
12-03-2020,41.16
13-03-2020,51.47
16-03-2020,58.88
17-03-2020,62.93
18-03-2020,63.96
19-03-2020,72.20
20-03-2020,67.10
23-03-2020,71.99
24-03-2020,83.61
25-03-2020,77.63
26-03-2020,71.53
27-03-2020,70.39
30-03-2020,71.89
31-03-2020,64.41
01-04-2020,60.05
02-04-2020,60.05
03-04-2020,55.30
06-04-2020,55.30
07-04-2020,51.80
08-04-2020,52.24
09-04-2020,49.75
10-04-2020,49.75
13-04-2020,51.46
14-04-2020,51.46
15-04-2020,49.74
16-04-2020,46.10
17-04-2020,42.59
20-04-2020,43.46
21-04-2020,45.20
22-04-2020,42.82
23-04-2020,39.23
24-04-2020,39.12
27-04-2020,38.04
28-04-2020,35.36
29-04-2020,33.84
30-04-2020,33.99
01-05-2020,33.99
04-05-2020,43.67
05-05-2020,43.61
06-05-2020,41.25
07-05-2020,39.93
08-05-2020,38.41
11-05-2020,38.04
12-05-2020,38.21
13-05-2020,38.84
14-05-2020,38.18
15-05-2020,38.02
18-05-2020,40.92
19-05-2020,39.45
20-05-2020,35.81
21-05-2020,32.99
22-05-2020,32.38
25-05-2020,32.38
26-05-2020,31.47
27-05-2020,31.27
28-05-2020,30.02
29-05-2020,30.22
01-06-2020,30.74
02-06-2020,30.12
03-06-2020,30.04
04-06-2020,29.69
05-06-2020,28.68
08-06-2020,29.65
09-06-2020,30.21
10-06-2020,29.44
11-06-2020,29.66
12-06-2020,30.82
15-06-2020,32.58
16-06-2020,32.97
17-06-2020,33.36
18-06-2020,31.46
19-06-2020,29.97
22-06-2020,30.46
23-06-2020,29.34
24-06-2020,29.58
25-06-2020,29.73
26-06-2020,28.74
29-06-2020,28.91
30-06-2020,29.12
01-07-2020,28.12
02-07-2020,26.51
03-07-2020,25.77
06-07-2020,25.20
07-07-2020,25.10
08-07-2020,26.10
09-07-2020,24.91
10-07-2020,24.94
13-07-2020,25.25
14-07-2020,26.64
15-07-2020,26.29
16-07-2020,25.36
17-07-2020,24.16
20-07-2020,24.71
21-07-2020,24.43
22-07-2020,24.89
23-07-2020,24.64
24-07-2020,24.54
27-07-2020,25.02
28-07-2020,23.64
29-07-2020,24.11
30-07-2020,24.73
31-07-2020,24.19
03-08-2020,25.19
04-08-2020,23.82
05-08-2020,23.57
06-08-2020,23.15
07-08-2020,22.58
10-08-2020,22.51
11-08-2020,21.36
12-08-2020,20.85
13-08-2020,20.57
14-08-2020,21.67
17-08-2020,21.31
18-08-2020,20.43
19-08-2020,19.96
20-08-2020,20.62
21-08-2020,19.94
24-08-2020,19.23
25-08-2020,19.32
26-08-2020,19.30
27-08-2020,18.90
28-08-2020,18.35
31-08-2020,22.84
01-09-2020,21.80
02-09-2020,21.11
03-09-2020,20.50
04-09-2020,22.15
07-09-2020,22.01
08-09-2020,22.72
09-09-2020,22.23
10-09-2020,21.26
11-09-2020,20.71
14-09-2020,21.19
15-09-2020,20.60
16-09-2020,19.66
17-09-2020,20.10
18-09-2020,20.05
21-09-2020,22.19
22-09-2020,21.41
23-09-2020,20.99
24-09-2020,23.51
25-09-2020,20.68
28-09-2020,19.57
29-09-2020,19.78
30-09-2020,19.53
01-10-2020,18.35
02-10-2020,18.35
05-10-2020,19.71
06-10-2020,19.64
07-10-2020,20.06
08-10-2020,20.38
09-10-2020,20.38
12-10-2020,21.13
13-10-2020,20.72
14-10-2020,20.21
15-10-2020,22.06
16-10-2020,21.65
19-10-2020,21.82
20-10-2020,22.69
21-10-2020,22.92
22-10-2020,22.64
23-10-2020,21.83
26-10-2020,22.83
27-10-2020,22.20
28-10-2020,23.28
29-10-2020,24.02
30-10-2020,24.75
02-11-2020,25.21
03-11-2020,24.24
04-11-2020,23.20
05-11-2020,20.97
06-11-2020,20.50
09-11-2020,20.11
10-11-2020,21.58
11-11-2020,22.03
12-11-2020,20.62
13-11-2020,19.70
16-11-2020,19.13
17-11-2020,19.80
18-11-2020,19.12
19-11-2020,19.57
20-11-2020,19.62
23-11-2020,20.80
24-11-2020,21.06
25-11-2020,23.13
26-11-2020,20.02
27-11-2020,19.82
30-11-2020,19.82
01-12-2020,20.18
02-12-2020,19.91
03-12-2020,19.00
04-12-2020,18.03
07-12-2020,18.03
08-12-2020,18.62
09-12-2020,18.92
10-12-2020,18.71
11-12-2020,18.79
14-12-2020,19.40
15-12-2020,19.35
16-12-2020,19.20
17-12-2020,19.16
18-12-2020,18.62
21-12-2020,23.19
22-12-2020,21.99
23-12-2020,20.50
24-12-2020,19.97
25-12-2020,19.97
28-12-2020,20.43
29-12-2020,20.79
30-12-2020,21.11
31-12-2020,21.10
01-01-2021,19.56
04-01-2021,20.03
05-01-2021,20.46
06-01-2021,21.00
07-01-2021,20.62
08-01-2021,20.64
11-01-2021,22.38
12-01-2021,22.85
13-01-2021,23.29
14-01-2021,23.03
15-01-2021,24.01
18-01-2021,24.40
19-01-2021,22.90
20-01-2021,21.55
21-01-2021,22.18
22-01-2021,22.42
25-01-2021,23.25
26-01-2021,23.25
27-01-2021,24.39
28-01-2021,24.29
29-01-2021,25.34
01-02-2021,23.32
02-02-2021,23.35
03-02-2021,23.75
04-02-2021,23.12
05-02-2021,23.42
08-02-2021,23.96
09-02-2021,24.27
10-02-2021,23.95
11-02-2021,23.05
12-02-2021,22.04
15-02-2021,21.48
16-02-2021,21.78
17-02-2021,21.51
18-02-2021,21.54
19-02-2021,22.25
22-02-2021,25.47
23-02-2021,25.23
24-02-2021,24.17
25-02-2021,22.89
26-02-2021,28.14
01-03-2021,25.63
02-03-2021,23.61
03-03-2021,22.09
04-03-2021,24.15
05-03-2021,25.56
08-03-2021,24.68
09-03-2021,22.50
10-03-2021,20.75
11-03-2021,20.75
12-03-2021,21.71
15-03-2021,21.23
16-03-2021,20.19
17-03-2021,20.16
18-03-2021,20.08
19-03-2021,19.99
22-03-2021,20.49
23-03-2021,20.67
24-03-2021,22.46
25-03-2021,22.70
26-03-2021,20.65
29-03-2021,20.65
30-03-2021,20.49
31-03-2021,20.65
01-04-2021,19.99
02-04-2021,19.99
